,pname:wel_0_inst:0_ptype:gr_usecol:3_pstyle:d_idx0:2_idx1:28,pname:wel_0_inst:0_ptype:gr_usecol:3_pstyle:d_idx0:2_idx1:34,pname:wel_0_inst:0_ptype:gr_usecol:3_pstyle:d_idx0:2_idx1:61,pname:wel_0_inst:0_ptype:gr_usecol:3_pstyle:d_idx0:2_idx1:79,pname:wel_0_inst:0_ptype:gr_usecol:3_pstyle:d_idx0:2_idx1:88,pname:wel_0_inst:0_ptype:gr_usecol:3_pstyle:d_idx0:2_idx1:103,pname:wel_0_inst:1_ptype:gr_usecol:3_pstyle:d_idx0:2_idx1:28,pname:wel_0_inst:1_ptype:gr_usecol:3_pstyle:d_idx0:2_idx1:34,pname:wel_0_inst:1_ptype:gr_usecol:3_pstyle:d_idx0:2_idx1:61,pname:wel_0_inst:1_ptype:gr_usecol:3_pstyle:d_idx0:2_idx1:79,pname:wel_0_inst:1_ptype:gr_usecol:3_pstyle:d_idx0:2_idx1:88,pname:wel_0_inst:1_ptype:gr_usecol:3_pstyle:d_idx0:2_idx1:103,pname:wel_0_inst:2_ptype:gr_usecol:3_pstyle:d_idx0:2_idx1:28,pname:wel_0_inst:2_ptype:gr_usecol:3_pstyle:d_idx0:2_idx1:34,pname:wel_0_inst:2_ptype:gr_usecol:3_pstyle:d_idx0:2_idx1:61,pname:wel_0_inst:2_ptype:gr_usecol:3_pstyle:d_idx0:2_idx1:79,pname:wel_0_inst:2_ptype:gr_usecol:3_pstyle:d_idx0:2_idx1:88,pname:wel_0_inst:2_ptype:gr_usecol:3_pstyle:d_idx0:2_idx1:103,pname:wel_0_inst:3_ptype:gr_usecol:3_pstyle:d_idx0:2_idx1:28,pname:wel_0_inst:3_ptype:gr_usecol:3_pstyle:d_idx0:2_idx1:34,pname:wel_0_inst:3_ptype:gr_usecol:3_pstyle:d_idx0:2_idx1:61,pname:wel_0_inst:3_ptype:gr_usecol:3_pstyle:d_idx0:2_idx1:79,pname:wel_0_inst:3_ptype:gr_usecol:3_pstyle:d_idx0:2_idx1:88,pname:wel_0_inst:3_ptype:gr_usecol:3_pstyle:d_idx0:2_idx1:103,pname:wel_0_inst:4_ptype:gr_usecol:3_pstyle:d_idx0:2_idx1:28,pname:wel_0_inst:4_ptype:gr_usecol:3_pstyle:d_idx0:2_idx1:34,pname:wel_0_inst:4_ptype:gr_usecol:3_pstyle:d_idx0:2_idx1:61,pname:wel_0_inst:4_ptype:gr_usecol:3_pstyle:d_idx0:2_idx1:79,pname:wel_0_inst:4_ptype:gr_usecol:3_pstyle:d_idx0:2_idx1:88,pname:wel_0_inst:4_ptype:gr_usecol:3_pstyle:d_idx0:2_idx1:103,pname:wel_0_inst:5_ptype:gr_usecol:3_pstyle:d_idx0:2_idx1:28,pname:wel_0_inst:5_ptype:gr_usecol:3_pstyle:d_idx0:2_idx1:34,pname:wel_0_inst:5_ptype:gr_usecol:3_pstyle:d_idx0:2_idx1:61,pname:wel_0_inst:5_ptype:gr_usecol:3_pstyle:d_idx0:2_idx1:79,pname:wel_0_inst:5_ptype:gr_usecol:3_pstyle:d_idx0:2_idx1:88,pname:wel_0_inst:5_ptype:gr_usecol:3_pstyle:d_idx0:2_idx1:103,pname:wel_0_inst:6_ptype:gr_usecol:3_pstyle:d_idx0:2_idx1:28,pname:wel_0_inst:6_ptype:gr_usecol:3_pstyle:d_idx0:2_idx1:34,pname:wel_0_inst:6_ptype:gr_usecol:3_pstyle:d_idx0:2_idx1:61,pname:wel_0_inst:6_ptype:gr_usecol:3_pstyle:d_idx0:2_idx1:79,pname:wel_0_inst:6_ptype:gr_usecol:3_pstyle:d_idx0:2_idx1:88,pname:wel_0_inst:6_ptype:gr_usecol:3_pstyle:d_idx0:2_idx1:103,pname:wel_0_inst:7_ptype:gr_usecol:3_pstyle:d_idx0:2_idx1:28,pname:wel_0_inst:7_ptype:gr_usecol:3_pstyle:d_idx0:2_idx1:34,pname:wel_0_inst:7_ptype:gr_usecol:3_pstyle:d_idx0:2_idx1:61,pname:wel_0_inst:7_ptype:gr_usecol:3_pstyle:d_idx0:2_idx1:79,pname:wel_0_inst:7_ptype:gr_usecol:3_pstyle:d_idx0:2_idx1:88,pname:wel_0_inst:7_ptype:gr_usecol:3_pstyle:d_idx0:2_idx1:103,pname:wel_0_inst:8_ptype:gr_usecol:3_pstyle:d_idx0:2_idx1:28,pname:wel_0_inst:8_ptype:gr_usecol:3_pstyle:d_idx0:2_idx1:34,pname:wel_0_inst:8_ptype:gr_usecol:3_pstyle:d_idx0:2_idx1:61,pname:wel_0_inst:8_ptype:gr_usecol:3_pstyle:d_idx0:2_idx1:79,pname:wel_0_inst:8_ptype:gr_usecol:3_pstyle:d_idx0:2_idx1:88,pname:wel_0_inst:8_ptype:gr_usecol:3_pstyle:d_idx0:2_idx1:103,pname:wel_0_inst:9_ptype:gr_usecol:3_pstyle:d_idx0:2_idx1:28,pname:wel_0_inst:9_ptype:gr_usecol:3_pstyle:d_idx0:2_idx1:34,pname:wel_0_inst:9_ptype:gr_usecol:3_pstyle:d_idx0:2_idx1:61,pname:wel_0_inst:9_ptype:gr_usecol:3_pstyle:d_idx0:2_idx1:79,pname:wel_0_inst:9_ptype:gr_usecol:3_pstyle:d_idx0:2_idx1:88,pname:wel_0_inst:9_ptype:gr_usecol:3_pstyle:d_idx0:2_idx1:103,pname:wel_0_inst:10_ptype:gr_usecol:3_pstyle:d_idx0:2_idx1:28,pname:wel_0_inst:10_ptype:gr_usecol:3_pstyle:d_idx0:2_idx1:34,pname:wel_0_inst:10_ptype:gr_usecol:3_pstyle:d_idx0:2_idx1:61,pname:wel_0_inst:10_ptype:gr_usecol:3_pstyle:d_idx0:2_idx1:79,pname:wel_0_inst:10_ptype:gr_usecol:3_pstyle:d_idx0:2_idx1:88,pname:wel_0_inst:10_ptype:gr_usecol:3_pstyle:d_idx0:2_idx1:103,pname:wel_0_inst:11_ptype:gr_usecol:3_pstyle:d_idx0:2_idx1:28,pname:wel_0_inst:11_ptype:gr_usecol:3_pstyle:d_idx0:2_idx1:34,pname:wel_0_inst:11_ptype:gr_usecol:3_pstyle:d_idx0:2_idx1:61,pname:wel_0_inst:11_ptype:gr_usecol:3_pstyle:d_idx0:2_idx1:79,pname:wel_0_inst:11_ptype:gr_usecol:3_pstyle:d_idx0:2_idx1:88,pname:wel_0_inst:11_ptype:gr_usecol:3_pstyle:d_idx0:2_idx1:103,pname:wel_0_inst:12_ptype:gr_usecol:3_pstyle:d_idx0:2_idx1:28,pname:wel_0_inst:12_ptype:gr_usecol:3_pstyle:d_idx0:2_idx1:34,pname:wel_0_inst:12_ptype:gr_usecol:3_pstyle:d_idx0:2_idx1:61,pname:wel_0_inst:12_ptype:gr_usecol:3_pstyle:d_idx0:2_idx1:79,pname:wel_0_inst:12_ptype:gr_usecol:3_pstyle:d_idx0:2_idx1:88,pname:wel_0_inst:12_ptype:gr_usecol:3_pstyle:d_idx0:2_idx1:103,pname:wel_0_inst:13_ptype:gr_usecol:3_pstyle:d_idx0:2_idx1:28,pname:wel_0_inst:13_ptype:gr_usecol:3_pstyle:d_idx0:2_idx1:34,pname:wel_0_inst:13_ptype:gr_usecol:3_pstyle:d_idx0:2_idx1:61,pname:wel_0_inst:13_ptype:gr_usecol:3_pstyle:d_idx0:2_idx1:79,pname:wel_0_inst:13_ptype:gr_usecol:3_pstyle:d_idx0:2_idx1:88,pname:wel_0_inst:13_ptype:gr_usecol:3_pstyle:d_idx0:2_idx1:103,pname:wel_0_inst:14_ptype:gr_usecol:3_pstyle:d_idx0:2_idx1:28,pname:wel_0_inst:14_ptype:gr_usecol:3_pstyle:d_idx0:2_idx1:34,pname:wel_0_inst:14_ptype:gr_usecol:3_pstyle:d_idx0:2_idx1:61,pname:wel_0_inst:14_ptype:gr_usecol:3_pstyle:d_idx0:2_idx1:79,pname:wel_0_inst:14_ptype:gr_usecol:3_pstyle:d_idx0:2_idx1:88,pname:wel_0_inst:14_ptype:gr_usecol:3_pstyle:d_idx0:2_idx1:103,pname:wel_0_inst:15_ptype:gr_usecol:3_pstyle:d_idx0:2_idx1:28,pname:wel_0_inst:15_ptype:gr_usecol:3_pstyle:d_idx0:2_idx1:34,pname:wel_0_inst:15_ptype:gr_usecol:3_pstyle:d_idx0:2_idx1:61,pname:wel_0_inst:15_ptype:gr_usecol:3_pstyle:d_idx0:2_idx1:79,pname:wel_0_inst:15_ptype:gr_usecol:3_pstyle:d_idx0:2_idx1:88,pname:wel_0_inst:15_ptype:gr_usecol:3_pstyle:d_idx0:2_idx1:103,pname:wel_0_inst:16_ptype:gr_usecol:3_pstyle:d_idx0:2_idx1:28,pname:wel_0_inst:16_ptype:gr_usecol:3_pstyle:d_idx0:2_idx1:34,pname:wel_0_inst:16_ptype:gr_usecol:3_pstyle:d_idx0:2_idx1:61,pname:wel_0_inst:16_ptype:gr_usecol:3_pstyle:d_idx0:2_idx1:79,pname:wel_0_inst:16_ptype:gr_usecol:3_pstyle:d_idx0:2_idx1:88,pname:wel_0_inst:16_ptype:gr_usecol:3_pstyle:d_idx0:2_idx1:103,pname:wel_0_inst:17_ptype:gr_usecol:3_pstyle:d_idx0:2_idx1:28,pname:wel_0_inst:17_ptype:gr_usecol:3_pstyle:d_idx0:2_idx1:34,pname:wel_0_inst:17_ptype:gr_usecol:3_pstyle:d_idx0:2_idx1:61,pname:wel_0_inst:17_ptype:gr_usecol:3_pstyle:d_idx0:2_idx1:79,pname:wel_0_inst:17_ptype:gr_usecol:3_pstyle:d_idx0:2_idx1:88,pname:wel_0_inst:17_ptype:gr_usecol:3_pstyle:d_idx0:2_idx1:103,pname:wel_0_inst:18_ptype:gr_usecol:3_pstyle:d_idx0:2_idx1:28,pname:wel_0_inst:18_ptype:gr_usecol:3_pstyle:d_idx0:2_idx1:34,pname:wel_0_inst:18_ptype:gr_usecol:3_pstyle:d_idx0:2_idx1:61,pname:wel_0_inst:18_ptype:gr_usecol:3_pstyle:d_idx0:2_idx1:79,pname:wel_0_inst:18_ptype:gr_usecol:3_pstyle:d_idx0:2_idx1:88,pname:wel_0_inst:18_ptype:gr_usecol:3_pstyle:d_idx0:2_idx1:103,pname:wel_0_inst:19_ptype:gr_usecol:3_pstyle:d_idx0:2_idx1:28,pname:wel_0_inst:19_ptype:gr_usecol:3_pstyle:d_idx0:2_idx1:34,pname:wel_0_inst:19_ptype:gr_usecol:3_pstyle:d_idx0:2_idx1:61,pname:wel_0_inst:19_ptype:gr_usecol:3_pstyle:d_idx0:2_idx1:79,pname:wel_0_inst:19_ptype:gr_usecol:3_pstyle:d_idx0:2_idx1:88,pname:wel_0_inst:19_ptype:gr_usecol:3_pstyle:d_idx0:2_idx1:103,pname:wel_0_inst:20_ptype:gr_usecol:3_pstyle:d_idx0:2_idx1:28,pname:wel_0_inst:20_ptype:gr_usecol:3_pstyle:d_idx0:2_idx1:34,pname:wel_0_inst:20_ptype:gr_usecol:3_pstyle:d_idx0:2_idx1:61,pname:wel_0_inst:20_ptype:gr_usecol:3_pstyle:d_idx0:2_idx1:79,pname:wel_0_inst:20_ptype:gr_usecol:3_pstyle:d_idx0:2_idx1:88,pname:wel_0_inst:20_ptype:gr_usecol:3_pstyle:d_idx0:2_idx1:103,pname:wel_0_inst:21_ptype:gr_usecol:3_pstyle:d_idx0:2_idx1:28,pname:wel_0_inst:21_ptype:gr_usecol:3_pstyle:d_idx0:2_idx1:34,pname:wel_0_inst:21_ptype:gr_usecol:3_pstyle:d_idx0:2_idx1:61,pname:wel_0_inst:21_ptype:gr_usecol:3_pstyle:d_idx0:2_idx1:79,pname:wel_0_inst:21_ptype:gr_usecol:3_pstyle:d_idx0:2_idx1:88,pname:wel_0_inst:21_ptype:gr_usecol:3_pstyle:d_idx0:2_idx1:103,pname:wel_0_inst:22_ptype:gr_usecol:3_pstyle:d_idx0:2_idx1:28,pname:wel_0_inst:22_ptype:gr_usecol:3_pstyle:d_idx0:2_idx1:34,pname:wel_0_inst:22_ptype:gr_usecol:3_pstyle:d_idx0:2_idx1:61,pname:wel_0_inst:22_ptype:gr_usecol:3_pstyle:d_idx0:2_idx1:79,pname:wel_0_inst:22_ptype:gr_usecol:3_pstyle:d_idx0:2_idx1:88,pname:wel_0_inst:22_ptype:gr_usecol:3_pstyle:d_idx0:2_idx1:103,pname:wel_0_inst:23_ptype:gr_usecol:3_pstyle:d_idx0:2_idx1:28,pname:wel_0_inst:23_ptype:gr_usecol:3_pstyle:d_idx0:2_idx1:34,pname:wel_0_inst:23_ptype:gr_usecol:3_pstyle:d_idx0:2_idx1:61,pname:wel_0_inst:23_ptype:gr_usecol:3_pstyle:d_idx0:2_idx1:79,pname:wel_0_inst:23_ptype:gr_usecol:3_pstyle:d_idx0:2_idx1:88,pname:wel_0_inst:23_ptype:gr_usecol:3_pstyle:d_idx0:2_idx1:103,pname:wel_0_inst:24_ptype:gr_usecol:3_pstyle:d_idx0:2_idx1:28,pname:wel_0_inst:24_ptype:gr_usecol:3_pstyle:d_idx0:2_idx1:34,pname:wel_0_inst:24_ptype:gr_usecol:3_pstyle:d_idx0:2_idx1:61,pname:wel_0_inst:24_ptype:gr_usecol:3_pstyle:d_idx0:2_idx1:79,pname:wel_0_inst:24_ptype:gr_usecol:3_pstyle:d_idx0:2_idx1:88,pname:wel_0_inst:24_ptype:gr_usecol:3_pstyle:d_idx0:2_idx1:103,pname:sfr_0_inst:0_ptype:gr_usecol:2_pstyle:d_idx0:0,pname:sfr_0_inst:0_ptype:gr_usecol:2_pstyle:d_idx0:60,pname:rch_0_inst:0_ptype:cn_pstyle:d
0,-25.880650478577934,-144.31343537695142,-433.49073679107346,-353.11457827593347,-223.0620821116035,-152.04094563471318,-25.880650478577934,-144.31343537695142,-433.49073679107346,-353.11457827593347,-223.0620821116035,-152.04094563471318,-25.880650478577934,-144.31343537695142,-433.49073679107346,-353.11457827593347,-223.0620821116035,-152.04094563471318,-25.880650478577934,-144.31343537695142,-433.49073679107346,-353.11457827593347,-223.0620821116035,-152.04094563471318,-25.880650478577934,-144.31343537695142,-433.49073679107346,-353.11457827593347,-223.0620821116035,-152.04094563471318,-25.880650478577934,-144.31343537695142,-433.49073679107346,-353.11457827593347,-223.0620821116035,-152.04094563471318,-25.880650478577934,-144.31343537695142,-433.49073679107346,-353.11457827593347,-223.0620821116035,-152.04094563471318,-25.880650478577934,-144.31343537695142,-433.49073679107346,-353.11457827593347,-223.0620821116035,-152.04094563471318,-25.880650478577934,-144.31343537695142,-433.49073679107346,-353.11457827593347,-223.0620821116035,-152.04094563471318,-25.880650478577934,-144.31343537695142,-433.49073679107346,-353.11457827593347,-223.0620821116035,-152.04094563471318,-25.880650478577934,-144.31343537695142,-433.49073679107346,-353.11457827593347,-223.0620821116035,-152.04094563471318,-25.880650478577934,-144.31343537695142,-433.49073679107346,-353.11457827593347,-223.0620821116035,-152.04094563471318,-25.880650478577934,-144.31343537695142,-433.49073679107346,-353.11457827593347,-223.0620821116035,-152.04094563471318,-25.880650478577934,-144.31343537695142,-433.49073679107346,-353.11457827593347,-223.0620821116035,-152.04094563471318,-25.880650478577934,-144.31343537695142,-433.49073679107346,-353.11457827593347,-223.0620821116035,-152.04094563471318,-25.880650478577934,-144.31343537695142,-433.49073679107346,-353.11457827593347,-223.0620821116035,-152.04094563471318,-25.880650478577934,-144.31343537695142,-433.49073679107346,-353.11457827593347,-223.0620821116035,-152.04094563471318,-25.880650478577934,-144.31343537695142,-433.49073679107346,-353.11457827593347,-223.0620821116035,-152.04094563471318,-25.880650478577934,-144.31343537695142,-433.49073679107346,-353.11457827593347,-223.0620821116035,-152.04094563471318,-25.880650478577934,-144.31343537695142,-433.49073679107346,-353.11457827593347,-223.0620821116035,-152.04094563471318,-25.880650478577934,-144.31343537695142,-433.49073679107346,-353.11457827593347,-223.0620821116035,-152.04094563471318,-25.880650478577934,-144.31343537695142,-433.49073679107346,-353.11457827593347,-223.0620821116035,-152.04094563471318,-25.880650478577934,-144.31343537695142,-433.49073679107346,-353.11457827593347,-223.0620821116035,-152.04094563471318,-25.880650478577934,-144.31343537695142,-433.49073679107346,-353.11457827593347,-223.0620821116035,-152.04094563471318,-25.880650478577934,-144.31343537695142,-433.49073679107346,-353.11457827593347,-223.0620821116035,-152.04094563471318,549.899232266895,1167.9576177698775,0.0001702552592510598
1,-72.0105110625019,-46.880539747832074,-433.2265895138699,-51.223276393949504,-309.2370402538268,-194.13660494641488,-72.0105110625019,-46.880539747832074,-433.2265895138699,-51.223276393949504,-309.2370402538268,-194.13660494641488,-72.0105110625019,-46.880539747832074,-433.2265895138699,-51.223276393949504,-309.2370402538268,-194.13660494641488,-72.0105110625019,-46.880539747832074,-433.2265895138699,-51.223276393949504,-309.2370402538268,-194.13660494641488,-72.0105110625019,-46.880539747832074,-433.2265895138699,-51.223276393949504,-309.2370402538268,-194.13660494641488,-72.0105110625019,-46.880539747832074,-433.2265895138699,-51.223276393949504,-309.2370402538268,-194.13660494641488,-72.0105110625019,-46.880539747832074,-433.2265895138699,-51.223276393949504,-309.2370402538268,-194.13660494641488,-72.0105110625019,-46.880539747832074,-433.2265895138699,-51.223276393949504,-309.2370402538268,-194.13660494641488,-72.0105110625019,-46.880539747832074,-433.2265895138699,-51.223276393949504,-309.2370402538268,-194.13660494641488,-72.0105110625019,-46.880539747832074,-433.2265895138699,-51.223276393949504,-309.2370402538268,-194.13660494641488,-72.0105110625019,-46.880539747832074,-433.2265895138699,-51.223276393949504,-309.2370402538268,-194.13660494641488,-72.0105110625019,-46.880539747832074,-433.2265895138699,-51.223276393949504,-309.2370402538268,-194.13660494641488,-72.0105110625019,-46.880539747832074,-433.2265895138699,-51.223276393949504,-309.2370402538268,-194.13660494641488,-72.0105110625019,-46.880539747832074,-433.2265895138699,-51.223276393949504,-309.2370402538268,-194.13660494641488,-72.0105110625019,-46.880539747832074,-433.2265895138699,-51.223276393949504,-309.2370402538268,-194.13660494641488,-72.0105110625019,-46.880539747832074,-433.2265895138699,-51.223276393949504,-309.2370402538268,-194.13660494641488,-72.0105110625019,-46.880539747832074,-433.2265895138699,-51.223276393949504,-309.2370402538268,-194.13660494641488,-72.0105110625019,-46.880539747832074,-433.2265895138699,-51.223276393949504,-309.2370402538268,-194.13660494641488,-72.0105110625019,-46.880539747832074,-433.2265895138699,-51.223276393949504,-309.2370402538268,-194.13660494641488,-72.0105110625019,-46.880539747832074,-433.2265895138699,-51.223276393949504,-309.2370402538268,-194.13660494641488,-72.0105110625019,-46.880539747832074,-433.2265895138699,-51.223276393949504,-309.2370402538268,-194.13660494641488,-72.0105110625019,-46.880539747832074,-433.2265895138699,-51.223276393949504,-309.2370402538268,-194.13660494641488,-72.0105110625019,-46.880539747832074,-433.2265895138699,-51.223276393949504,-309.2370402538268,-194.13660494641488,-72.0105110625019,-46.880539747832074,-433.2265895138699,-51.223276393949504,-309.2370402538268,-194.13660494641488,-72.0105110625019,-46.880539747832074,-433.2265895138699,-51.223276393949504,-309.2370402538268,-194.13660494641488,881.0013001340405,1174.2940759037624,0.00015207237003701254
2,-65.32041303353634,-139.19666941164422,-181.41548338138875,-195.6294667316639,-200.64951811279337,-209.42241381867075,-65.32041303353634,-139.19666941164422,-181.41548338138875,-195.6294667316639,-200.64951811279337,-209.42241381867075,-65.32041303353634,-139.19666941164422,-181.41548338138875,-195.6294667316639,-200.64951811279337,-209.42241381867075,-65.32041303353634,-139.19666941164422,-181.41548338138875,-195.6294667316639,-200.64951811279337,-209.42241381867075,-65.32041303353634,-139.19666941164422,-181.41548338138875,-195.6294667316639,-200.64951811279337,-209.42241381867075,-65.32041303353634,-139.19666941164422,-181.41548338138875,-195.6294667316639,-200.64951811279337,-209.42241381867075,-65.32041303353634,-139.19666941164422,-181.41548338138875,-195.6294667316639,-200.64951811279337,-209.42241381867075,-65.32041303353634,-139.19666941164422,-181.41548338138875,-195.6294667316639,-200.64951811279337,-209.42241381867075,-65.32041303353634,-139.19666941164422,-181.41548338138875,-195.6294667316639,-200.64951811279337,-209.42241381867075,-65.32041303353634,-139.19666941164422,-181.41548338138875,-195.6294667316639,-200.64951811279337,-209.42241381867075,-65.32041303353634,-139.19666941164422,-181.41548338138875,-195.6294667316639,-200.64951811279337,-209.42241381867075,-65.32041303353634,-139.19666941164422,-181.41548338138875,-195.6294667316639,-200.64951811279337,-209.42241381867075,-65.32041303353634,-139.19666941164422,-181.41548338138875,-195.6294667316639,-200.64951811279337,-209.42241381867075,-65.32041303353634,-139.19666941164422,-181.41548338138875,-195.6294667316639,-200.64951811279337,-209.42241381867075,-65.32041303353634,-139.19666941164422,-181.41548338138875,-195.6294667316639,-200.64951811279337,-209.42241381867075,-65.32041303353634,-139.19666941164422,-181.41548338138875,-195.6294667316639,-200.64951811279337,-209.42241381867075,-65.32041303353634,-139.19666941164422,-181.41548338138875,-195.6294667316639,-200.64951811279337,-209.42241381867075,-65.32041303353634,-139.19666941164422,-181.41548338138875,-195.6294667316639,-200.64951811279337,-209.42241381867075,-65.32041303353634,-139.19666941164422,-181.41548338138875,-195.6294667316639,-200.64951811279337,-209.42241381867075,-65.32041303353634,-139.19666941164422,-181.41548338138875,-195.6294667316639,-200.64951811279337,-209.42241381867075,-65.32041303353634,-139.19666941164422,-181.41548338138875,-195.6294667316639,-200.64951811279337,-209.42241381867075,-65.32041303353634,-139.19666941164422,-181.41548338138875,-195.6294667316639,-200.64951811279337,-209.42241381867075,-65.32041303353634,-139.19666941164422,-181.41548338138875,-195.6294667316639,-200.64951811279337,-209.42241381867075,-65.32041303353634,-139.19666941164422,-181.41548338138875,-195.6294667316639,-200.64951811279337,-209.42241381867075,-65.32041303353634,-139.19666941164422,-181.41548338138875,-195.6294667316639,-200.64951811279337,-209.42241381867075,812.5750330281328,489.9656085949361,0.00016140162492250435
3,-299.69971188478587,-103.45768316396641,-127.31922350327585,-65.35522524142198,-187.19064978205813,-421.63425643692136,-299.69971188478587,-103.45768316396641,-127.31922350327585,-65.35522524142198,-187.19064978205813,-421.63425643692136,-299.69971188478587,-103.45768316396641,-127.31922350327585,-65.35522524142198,-187.19064978205813,-421.63425643692136,-299.69971188478587,-103.45768316396641,-127.31922350327585,-65.35522524142198,-187.19064978205813,-421.63425643692136,-299.69971188478587,-103.45768316396641,-127.31922350327585,-65.35522524142198,-187.19064978205813,-421.63425643692136,-299.69971188478587,-103.45768316396641,-127.31922350327585,-65.35522524142198,-187.19064978205813,-421.63425643692136,-299.69971188478587,-103.45768316396641,-127.31922350327585,-65.35522524142198,-187.19064978205813,-421.63425643692136,-299.69971188478587,-103.45768316396641,-127.31922350327585,-65.35522524142198,-187.19064978205813,-421.63425643692136,-299.69971188478587,-103.45768316396641,-127.31922350327585,-65.35522524142198,-187.19064978205813,-421.63425643692136,-299.69971188478587,-103.45768316396641,-127.31922350327585,-65.35522524142198,-187.19064978205813,-421.63425643692136,-299.69971188478587,-103.45768316396641,-127.31922350327585,-65.35522524142198,-187.19064978205813,-421.63425643692136,-299.69971188478587,-103.45768316396641,-127.31922350327585,-65.35522524142198,-187.19064978205813,-421.63425643692136,-299.69971188478587,-103.45768316396641,-127.31922350327585,-65.35522524142198,-187.19064978205813,-421.63425643692136,-299.69971188478587,-103.45768316396641,-127.31922350327585,-65.35522524142198,-187.19064978205813,-421.63425643692136,-299.69971188478587,-103.45768316396641,-127.31922350327585,-65.35522524142198,-187.19064978205813,-421.63425643692136,-299.69971188478587,-103.45768316396641,-127.31922350327585,-65.35522524142198,-187.19064978205813,-421.63425643692136,-299.69971188478587,-103.45768316396641,-127.31922350327585,-65.35522524142198,-187.19064978205813,-421.63425643692136,-299.69971188478587,-103.45768316396641,-127.31922350327585,-65.35522524142198,-187.19064978205813,-421.63425643692136,-299.69971188478587,-103.45768316396641,-127.31922350327585,-65.35522524142198,-187.19064978205813,-421.63425643692136,-299.69971188478587,-103.45768316396641,-127.31922350327585,-65.35522524142198,-187.19064978205813,-421.63425643692136,-299.69971188478587,-103.45768316396641,-127.31922350327585,-65.35522524142198,-187.19064978205813,-421.63425643692136,-299.69971188478587,-103.45768316396641,-127.31922350327585,-65.35522524142198,-187.19064978205813,-421.63425643692136,-299.69971188478587,-103.45768316396641,-127.31922350327585,-65.35522524142198,-187.19064978205813,-421.63425643692136,-299.69971188478587,-103.45768316396641,-127.31922350327585,-65.35522524142198,-187.19064978205813,-421.63425643692136,-299.69971188478587,-103.45768316396641,-127.31922350327585,-65.35522524142198,-187.19064978205813,-421.63425643692136,482.2565611325956,869.7686162942402,6.209655600698482e-05
4,-59.14102002604227,-495.32864611029913,-266.35895305576884,-445.3784699684359,-171.44661035506851,-487.7425777442148,-59.14102002604227,-495.32864611029913,-266.35895305576884,-445.3784699684359,-171.44661035506851,-487.7425777442148,-59.14102002604227,-495.32864611029913,-266.35895305576884,-445.3784699684359,-171.44661035506851,-487.7425777442148,-59.14102002604227,-495.32864611029913,-266.35895305576884,-445.3784699684359,-171.44661035506851,-487.7425777442148,-59.14102002604227,-495.32864611029913,-266.35895305576884,-445.3784699684359,-171.44661035506851,-487.7425777442148,-59.14102002604227,-495.32864611029913,-266.35895305576884,-445.3784699684359,-171.44661035506851,-487.7425777442148,-59.14102002604227,-495.32864611029913,-266.35895305576884,-445.3784699684359,-171.44661035506851,-487.7425777442148,-59.14102002604227,-495.32864611029913,-266.35895305576884,-445.3784699684359,-171.44661035506851,-487.7425777442148,-59.14102002604227,-495.32864611029913,-266.35895305576884,-445.3784699684359,-171.44661035506851,-487.7425777442148,-59.14102002604227,-495.32864611029913,-266.35895305576884,-445.3784699684359,-171.44661035506851,-487.7425777442148,-59.14102002604227,-495.32864611029913,-266.35895305576884,-445.3784699684359,-171.44661035506851,-487.7425777442148,-59.14102002604227,-495.32864611029913,-266.35895305576884,-445.3784699684359,-171.44661035506851,-487.7425777442148,-59.14102002604227,-495.32864611029913,-266.35895305576884,-445.3784699684359,-171.44661035506851,-487.7425777442148,-59.14102002604227,-495.32864611029913,-266.35895305576884,-445.3784699684359,-171.44661035506851,-487.7425777442148,-59.14102002604227,-495.32864611029913,-266.35895305576884,-445.3784699684359,-171.44661035506851,-487.7425777442148,-59.14102002604227,-495.32864611029913,-266.35895305576884,-445.3784699684359,-171.44661035506851,-487.7425777442148,-59.14102002604227,-495.32864611029913,-266.35895305576884,-445.3784699684359,-171.44661035506851,-487.7425777442148,-59.14102002604227,-495.32864611029913,-266.35895305576884,-445.3784699684359,-171.44661035506851,-487.7425777442148,-59.14102002604227,-495.32864611029913,-266.35895305576884,-445.3784699684359,-171.44661035506851,-487.7425777442148,-59.14102002604227,-495.32864611029913,-266.35895305576884,-445.3784699684359,-171.44661035506851,-487.7425777442148,-59.14102002604227,-495.32864611029913,-266.35895305576884,-445.3784699684359,-171.44661035506851,-487.7425777442148,-59.14102002604227,-495.32864611029913,-266.35895305576884,-445.3784699684359,-171.44661035506851,-487.7425777442148,-59.14102002604227,-495.32864611029913,-266.35895305576884,-445.3784699684359,-171.44661035506851,-487.7425777442148,-59.14102002604227,-495.32864611029913,-266.35895305576884,-445.3784699684359,-171.44661035506851,-487.7425777442148,-59.14102002604227,-495.32864611029913,-266.35895305576884,-445.3784699684359,-171.44661035506851,-487.7425777442148,955.6420187949199,456.17135659026246,0.00019174160573520821
5,-31.35356545478362,-15.273928526724376,-101.90172219334164,-28.51693366096032,-224.88993393971884,-140.8260691661771,-31.35356545478362,-15.273928526724376,-101.90172219334164,-28.51693366096032,-224.88993393971884,-140.8260691661771,-31.35356545478362,-15.273928526724376,-101.90172219334164,-28.51693366096032,-224.88993393971884,-140.8260691661771,-31.35356545478362,-15.273928526724376,-101.90172219334164,-28.51693366096032,-224.88993393971884,-140.8260691661771,-31.35356545478362,-15.273928526724376,-101.90172219334164,-28.51693366096032,-224.88993393971884,-140.8260691661771,-31.35356545478362,-15.273928526724376,-101.90172219334164,-28.51693366096032,-224.88993393971884,-140.8260691661771,-31.35356545478362,-15.273928526724376,-101.90172219334164,-28.51693366096032,-224.88993393971884,-140.8260691661771,-31.35356545478362,-15.273928526724376,-101.90172219334164,-28.51693366096032,-224.88993393971884,-140.8260691661771,-31.35356545478362,-15.273928526724376,-101.90172219334164,-28.51693366096032,-224.88993393971884,-140.8260691661771,-31.35356545478362,-15.273928526724376,-101.90172219334164,-28.51693366096032,-224.88993393971884,-140.8260691661771,-31.35356545478362,-15.273928526724376,-101.90172219334164,-28.51693366096032,-224.88993393971884,-140.8260691661771,-31.35356545478362,-15.273928526724376,-101.90172219334164,-28.51693366096032,-224.88993393971884,-140.8260691661771,-31.35356545478362,-15.273928526724376,-101.90172219334164,-28.51693366096032,-224.88993393971884,-140.8260691661771,-31.35356545478362,-15.273928526724376,-101.90172219334164,-28.51693366096032,-224.88993393971884,-140.8260691661771,-31.35356545478362,-15.273928526724376,-101.90172219334164,-28.51693366096032,-224.88993393971884,-140.8260691661771,-31.35356545478362,-15.273928526724376,-101.90172219334164,-28.51693366096032,-224.88993393971884,-140.8260691661771,-31.35356545478362,-15.273928526724376,-101.90172219334164,-28.51693366096032,-224.88993393971884,-140.8260691661771,-31.35356545478362,-15.273928526724376,-101.90172219334164,-28.51693366096032,-224.88993393971884,-140.8260691661771,-31.35356545478362,-15.273928526724376,-101.90172219334164,-28.51693366096032,-224.88993393971884,-140.8260691661771,-31.35356545478362,-15.273928526724376,-101.90172219334164,-28.51693366096032,-224.88993393971884,-140.8260691661771,-31.35356545478362,-15.273928526724376,-101.90172219334164,-28.51693366096032,-224.88993393971884,-140.8260691661771,-31.35356545478362,-15.273928526724376,-101.90172219334164,-28.51693366096032,-224.88993393971884,-140.8260691661771,-31.35356545478362,-15.273928526724376,-101.90172219334164,-28.51693366096032,-224.88993393971884,-140.8260691661771,-31.35356545478362,-15.273928526724376,-101.90172219334164,-28.51693366096032,-224.88993393971884,-140.8260691661771,-31.35356545478362,-15.273928526724376,-101.90172219334164,-28.51693366096032,-224.88993393971884,-140.8260691661771,1049.8475226254043,907.0326381229315,0.00011672789073684898
6,-416.3043225530033,-45.16542362716365,-79.17375866846419,-167.9766368238432,-297.05470138542387,-162.44146814773552,-416.3043225530033,-45.16542362716365,-79.17375866846419,-167.9766368238432,-297.05470138542387,-162.44146814773552,-416.3043225530033,-45.16542362716365,-79.17375866846419,-167.9766368238432,-297.05470138542387,-162.44146814773552,-416.3043225530033,-45.16542362716365,-79.17375866846419,-167.9766368238432,-297.05470138542387,-162.44146814773552,-416.3043225530033,-45.16542362716365,-79.17375866846419,-167.9766368238432,-297.05470138542387,-162.44146814773552,-416.3043225530033,-45.16542362716365,-79.17375866846419,-167.9766368238432,-297.05470138542387,-162.44146814773552,-416.3043225530033,-45.16542362716365,-79.17375866846419,-167.9766368238432,-297.05470138542387,-162.44146814773552,-416.3043225530033,-45.16542362716365,-79.17375866846419,-167.9766368238432,-297.05470138542387,-162.44146814773552,-416.3043225530033,-45.16542362716365,-79.17375866846419,-167.9766368238432,-297.05470138542387,-162.44146814773552,-416.3043225530033,-45.16542362716365,-79.17375866846419,-167.9766368238432,-297.05470138542387,-162.44146814773552,-416.3043225530033,-45.16542362716365,-79.17375866846419,-167.9766368238432,-297.05470138542387,-162.44146814773552,-416.3043225530033,-45.16542362716365,-79.17375866846419,-167.9766368238432,-297.05470138542387,-162.44146814773552,-416.3043225530033,-45.16542362716365,-79.17375866846419,-167.9766368238432,-297.05470138542387,-162.44146814773552,-416.3043225530033,-45.16542362716365,-79.17375866846419,-167.9766368238432,-297.05470138542387,-162.44146814773552,-416.3043225530033,-45.16542362716365,-79.17375866846419,-167.9766368238432,-297.05470138542387,-162.44146814773552,-416.3043225530033,-45.16542362716365,-79.17375866846419,-167.9766368238432,-297.05470138542387,-162.44146814773552,-416.3043225530033,-45.16542362716365,-79.17375866846419,-167.9766368238432,-297.05470138542387,-162.44146814773552,-416.3043225530033,-45.16542362716365,-79.17375866846419,-167.9766368238432,-297.05470138542387,-162.44146814773552,-416.3043225530033,-45.16542362716365,-79.17375866846419,-167.9766368238432,-297.05470138542387,-162.44146814773552,-416.3043225530033,-45.16542362716365,-79.17375866846419,-167.9766368238432,-297.05470138542387,-162.44146814773552,-416.3043225530033,-45.16542362716365,-79.17375866846419,-167.9766368238432,-297.05470138542387,-162.44146814773552,-416.3043225530033,-45.16542362716365,-79.17375866846419,-167.9766368238432,-297.05470138542387,-162.44146814773552,-416.3043225530033,-45.16542362716365,-79.17375866846419,-167.9766368238432,-297.05470138542387,-162.44146814773552,-416.3043225530033,-45.16542362716365,-79.17375866846419,-167.9766368238432,-297.05470138542387,-162.44146814773552,-416.3043225530033,-45.16542362716365,-79.17375866846419,-167.9766368238432,-297.05470138542387,-162.44146814773552,287.06321382232795,562.9498805046752,0.00014798312738986195
7,-267.21013628933645,-333.60061819968143,-378.1027251584132,-432.98650029988903,-255.05685232907982,-207.67738369043343,-267.21013628933645,-333.60061819968143,-378.1027251584132,-432.98650029988903,-255.05685232907982,-207.67738369043343,-267.21013628933645,-333.60061819968143,-378.1027251584132,-432.98650029988903,-255.05685232907982,-207.67738369043343,-267.21013628933645,-333.60061819968143,-378.1027251584132,-432.98650029988903,-255.05685232907982,-207.67738369043343,-267.21013628933645,-333.60061819968143,-378.1027251584132,-432.98650029988903,-255.05685232907982,-207.67738369043343,-267.21013628933645,-333.60061819968143,-378.1027251584132,-432.98650029988903,-255.05685232907982,-207.67738369043343,-267.21013628933645,-333.60061819968143,-378.1027251584132,-432.98650029988903,-255.05685232907982,-207.67738369043343,-267.21013628933645,-333.60061819968143,-378.1027251584132,-432.98650029988903,-255.05685232907982,-207.67738369043343,-267.21013628933645,-333.60061819968143,-378.1027251584132,-432.98650029988903,-255.05685232907982,-207.67738369043343,-267.21013628933645,-333.60061819968143,-378.1027251584132,-432.98650029988903,-255.05685232907982,-207.67738369043343,-267.21013628933645,-333.60061819968143,-378.1027251584132,-432.98650029988903,-255.05685232907982,-207.67738369043343,-267.21013628933645,-333.60061819968143,-378.1027251584132,-432.98650029988903,-255.05685232907982,-207.67738369043343,-267.21013628933645,-333.60061819968143,-378.1027251584132,-432.98650029988903,-255.05685232907982,-207.67738369043343,-267.21013628933645,-333.60061819968143,-378.1027251584132,-432.98650029988903,-255.05685232907982,-207.67738369043343,-267.21013628933645,-333.60061819968143,-378.1027251584132,-432.98650029988903,-255.05685232907982,-207.67738369043343,-267.21013628933645,-333.60061819968143,-378.1027251584132,-432.98650029988903,-255.05685232907982,-207.67738369043343,-267.21013628933645,-333.60061819968143,-378.1027251584132,-432.98650029988903,-255.05685232907982,-207.67738369043343,-267.21013628933645,-333.60061819968143,-378.1027251584132,-432.98650029988903,-255.05685232907982,-207.67738369043343,-267.21013628933645,-333.60061819968143,-378.1027251584132,-432.98650029988903,-255.05685232907982,-207.67738369043343,-267.21013628933645,-333.60061819968143,-378.1027251584132,-432.98650029988903,-255.05685232907982,-207.67738369043343,-267.21013628933645,-333.60061819968143,-378.1027251584132,-432.98650029988903,-255.05685232907982,-207.67738369043343,-267.21013628933645,-333.60061819968143,-378.1027251584132,-432.98650029988903,-255.05685232907982,-207.67738369043343,-267.21013628933645,-333.60061819968143,-378.1027251584132,-432.98650029988903,-255.05685232907982,-207.67738369043343,-267.21013628933645,-333.60061819968143,-378.1027251584132,-432.98650029988903,-255.05685232907982,-207.67738369043343,-267.21013628933645,-333.60061819968143,-378.1027251584132,-432.98650029988903,-255.05685232907982,-207.67738369043343,312.03675254162766,165.0812075677905,0.00018093393810785578
8,-393.2919252039924,-62.33818498322506,-424.65902238318074,-53.61555963848741,-319.30009229102495,-100.2869733136418,-393.2919252039924,-62.33818498322506,-424.65902238318074,-53.61555963848741,-319.30009229102495,-100.2869733136418,-393.2919252039924,-62.33818498322506,-424.65902238318074,-53.61555963848741,-319.30009229102495,-100.2869733136418,-393.2919252039924,-62.33818498322506,-424.65902238318074,-53.61555963848741,-319.30009229102495,-100.2869733136418,-393.2919252039924,-62.33818498322506,-424.65902238318074,-53.61555963848741,-319.30009229102495,-100.2869733136418,-393.2919252039924,-62.33818498322506,-424.65902238318074,-53.61555963848741,-319.30009229102495,-100.2869733136418,-393.2919252039924,-62.33818498322506,-424.65902238318074,-53.61555963848741,-319.30009229102495,-100.2869733136418,-393.2919252039924,-62.33818498322506,-424.65902238318074,-53.61555963848741,-319.30009229102495,-100.2869733136418,-393.2919252039924,-62.33818498322506,-424.65902238318074,-53.61555963848741,-319.30009229102495,-100.2869733136418,-393.2919252039924,-62.33818498322506,-424.65902238318074,-53.61555963848741,-319.30009229102495,-100.2869733136418,-393.2919252039924,-62.33818498322506,-424.65902238318074,-53.61555963848741,-319.30009229102495,-100.2869733136418,-393.2919252039924,-62.33818498322506,-424.65902238318074,-53.61555963848741,-319.30009229102495,-100.2869733136418,-393.2919252039924,-62.33818498322506,-424.65902238318074,-53.61555963848741,-319.30009229102495,-100.2869733136418,-393.2919252039924,-62.33818498322506,-424.65902238318074,-53.61555963848741,-319.30009229102495,-100.2869733136418,-393.2919252039924,-62.33818498322506,-424.65902238318074,-53.61555963848741,-319.30009229102495,-100.2869733136418,-393.2919252039924,-62.33818498322506,-424.65902238318074,-53.61555963848741,-319.30009229102495,-100.2869733136418,-393.2919252039924,-62.33818498322506,-424.65902238318074,-53.61555963848741,-319.30009229102495,-100.2869733136418,-393.2919252039924,-62.33818498322506,-424.65902238318074,-53.61555963848741,-319.30009229102495,-100.2869733136418,-393.2919252039924,-62.33818498322506,-424.65902238318074,-53.61555963848741,-319.30009229102495,-100.2869733136418,-393.2919252039924,-62.33818498322506,-424.65902238318074,-53.61555963848741,-319.30009229102495,-100.2869733136418,-393.2919252039924,-62.33818498322506,-424.65902238318074,-53.61555963848741,-319.30009229102495,-100.2869733136418,-393.2919252039924,-62.33818498322506,-424.65902238318074,-53.61555963848741,-319.30009229102495,-100.2869733136418,-393.2919252039924,-62.33818498322506,-424.65902238318074,-53.61555963848741,-319.30009229102495,-100.2869733136418,-393.2919252039924,-62.33818498322506,-424.65902238318074,-53.61555963848741,-319.30009229102495,-100.2869733136418,-393.2919252039924,-62.33818498322506,-424.65902238318074,-53.61555963848741,-319.30009229102495,-100.2869733136418,217.2552481160525,803.1232613983586,5.7669082443907685e-05
9,-431.5919044954637,-462.8072707696555,-72.08485158399367,-52.83322158503381,-310.4985217201083,-281.1186671768331,-431.5919044954637,-462.8072707696555,-72.08485158399367,-52.83322158503381,-310.4985217201083,-281.1186671768331,-431.5919044954637,-462.8072707696555,-72.08485158399367,-52.83322158503381,-310.4985217201083,-281.1186671768331,-431.5919044954637,-462.8072707696555,-72.08485158399367,-52.83322158503381,-310.4985217201083,-281.1186671768331,-431.5919044954637,-462.8072707696555,-72.08485158399367,-52.83322158503381,-310.4985217201083,-281.1186671768331,-431.5919044954637,-462.8072707696555,-72.08485158399367,-52.83322158503381,-310.4985217201083,-281.1186671768331,-431.5919044954637,-462.8072707696555,-72.08485158399367,-52.83322158503381,-310.4985217201083,-281.1186671768331,-431.5919044954637,-462.8072707696555,-72.08485158399367,-52.83322158503381,-310.4985217201083,-281.1186671768331,-431.5919044954637,-462.8072707696555,-72.08485158399367,-52.83322158503381,-310.4985217201083,-281.1186671768331,-431.5919044954637,-462.8072707696555,-72.08485158399367,-52.83322158503381,-310.4985217201083,-281.1186671768331,-431.5919044954637,-462.8072707696555,-72.08485158399367,-52.83322158503381,-310.4985217201083,-281.1186671768331,-431.5919044954637,-462.8072707696555,-72.08485158399367,-52.83322158503381,-310.4985217201083,-281.1186671768331,-431.5919044954637,-462.8072707696555,-72.08485158399367,-52.83322158503381,-310.4985217201083,-281.1186671768331,-431.5919044954637,-462.8072707696555,-72.08485158399367,-52.83322158503381,-310.4985217201083,-281.1186671768331,-431.5919044954637,-462.8072707696555,-72.08485158399367,-52.83322158503381,-310.4985217201083,-281.1186671768331,-431.5919044954637,-462.8072707696555,-72.08485158399367,-52.83322158503381,-310.4985217201083,-281.1186671768331,-431.5919044954637,-462.8072707696555,-72.08485158399367,-52.83322158503381,-310.4985217201083,-281.1186671768331,-431.5919044954637,-462.8072707696555,-72.08485158399367,-52.83322158503381,-310.4985217201083,-281.1186671768331,-431.5919044954637,-462.8072707696555,-72.08485158399367,-52.83322158503381,-310.4985217201083,-281.1186671768331,-431.5919044954637,-462.8072707696555,-72.08485158399367,-52.83322158503381,-310.4985217201083,-281.1186671768331,-431.5919044954637,-462.8072707696555,-72.08485158399367,-52.83322158503381,-310.4985217201083,-281.1186671768331,-431.5919044954637,-462.8072707696555,-72.08485158399367,-52.83322158503381,-310.4985217201083,-281.1186671768331,-431.5919044954637,-462.8072707696555,-72.08485158399367,-52.83322158503381,-310.4985217201083,-281.1186671768331,-431.5919044954637,-462.8072707696555,-72.08485158399367,-52.83322158503381,-310.4985217201083,-281.1186671768331,-431.5919044954637,-462.8072707696555,-72.08485158399367,-52.83322158503381,-310.4985217201083,-281.1186671768331,1067.089581927183,1092.662183051471,5.7999679609763795e-05
10,-265.09311350567833,-365.50128600657916,-369.8601026662027,-150.73540095795101,-420.1650576249642,-88.32412762206854,-265.09311350567833,-365.50128600657916,-369.8601026662027,-150.73540095795101,-420.1650576249642,-88.32412762206854,-265.09311350567833,-365.50128600657916,-369.8601026662027,-150.73540095795101,-420.1650576249642,-88.32412762206854,-265.09311350567833,-365.50128600657916,-369.8601026662027,-150.73540095795101,-420.1650576249642,-88.32412762206854,-265.09311350567833,-365.50128600657916,-369.8601026662027,-150.73540095795101,-420.1650576249642,-88.32412762206854,-265.09311350567833,-365.50128600657916,-369.8601026662027,-150.73540095795101,-420.1650576249642,-88.32412762206854,-265.09311350567833,-365.50128600657916,-369.8601026662027,-150.73540095795101,-420.1650576249642,-88.32412762206854,-265.09311350567833,-365.50128600657916,-369.8601026662027,-150.73540095795101,-420.1650576249642,-88.32412762206854,-265.09311350567833,-365.50128600657916,-369.8601026662027,-150.73540095795101,-420.1650576249642,-88.32412762206854,-265.09311350567833,-365.50128600657916,-369.8601026662027,-150.73540095795101,-420.1650576249642,-88.32412762206854,-265.09311350567833,-365.50128600657916,-369.8601026662027,-150.73540095795101,-420.1650576249642,-88.32412762206854,-265.09311350567833,-365.50128600657916,-369.8601026662027,-150.73540095795101,-420.1650576249642,-88.32412762206854,-265.09311350567833,-365.50128600657916,-369.8601026662027,-150.73540095795101,-420.1650576249642,-88.32412762206854,-265.09311350567833,-365.50128600657916,-369.8601026662027,-150.73540095795101,-420.1650576249642,-88.32412762206854,-265.09311350567833,-365.50128600657916,-369.8601026662027,-150.73540095795101,-420.1650576249642,-88.32412762206854,-265.09311350567833,-365.50128600657916,-369.8601026662027,-150.73540095795101,-420.1650576249642,-88.32412762206854,-265.09311350567833,-365.50128600657916,-369.8601026662027,-150.73540095795101,-420.1650576249642,-88.32412762206854,-265.09311350567833,-365.50128600657916,-369.8601026662027,-150.73540095795101,-420.1650576249642,-88.32412762206854,-265.09311350567833,-365.50128600657916,-369.8601026662027,-150.73540095795101,-420.1650576249642,-88.32412762206854,-265.09311350567833,-365.50128600657916,-369.8601026662027,-150.73540095795101,-420.1650576249642,-88.32412762206854,-265.09311350567833,-365.50128600657916,-369.8601026662027,-150.73540095795101,-420.1650576249642,-88.32412762206854,-265.09311350567833,-365.50128600657916,-369.8601026662027,-150.73540095795101,-420.1650576249642,-88.32412762206854,-265.09311350567833,-365.50128600657916,-369.8601026662027,-150.73540095795101,-420.1650576249642,-88.32412762206854,-265.09311350567833,-365.50128600657916,-369.8601026662027,-150.73540095795101,-420.1650576249642,-88.32412762206854,-265.09311350567833,-365.50128600657916,-369.8601026662027,-150.73540095795101,-420.1650576249642,-88.32412762206854,548.4857325853123,763.1521232891516,9.215071480316061e-05
11,-332.03201709619054,-272.0482589157597,-135.32705571167844,-196.74995348431645,-160.4154173778109,-217.93937223893363,-332.03201709619054,-272.0482589157597,-135.32705571167844,-196.74995348431645,-160.4154173778109,-217.93937223893363,-332.03201709619054,-272.0482589157597,-135.32705571167844,-196.74995348431645,-160.4154173778109,-217.93937223893363,-332.03201709619054,-272.0482589157597,-135.32705571167844,-196.74995348431645,-160.4154173778109,-217.93937223893363,-332.03201709619054,-272.0482589157597,-135.32705571167844,-196.74995348431645,-160.4154173778109,-217.93937223893363,-332.03201709619054,-272.0482589157597,-135.32705571167844,-196.74995348431645,-160.4154173778109,-217.93937223893363,-332.03201709619054,-272.0482589157597,-135.32705571167844,-196.74995348431645,-160.4154173778109,-217.93937223893363,-332.03201709619054,-272.0482589157597,-135.32705571167844,-196.74995348431645,-160.4154173778109,-217.93937223893363,-332.03201709619054,-272.0482589157597,-135.32705571167844,-196.74995348431645,-160.4154173778109,-217.93937223893363,-332.03201709619054,-272.0482589157597,-135.32705571167844,-196.74995348431645,-160.4154173778109,-217.93937223893363,-332.03201709619054,-272.0482589157597,-135.32705571167844,-196.74995348431645,-160.4154173778109,-217.93937223893363,-332.03201709619054,-272.0482589157597,-135.32705571167844,-196.74995348431645,-160.4154173778109,-217.93937223893363,-332.03201709619054,-272.0482589157597,-135.32705571167844,-196.74995348431645,-160.4154173778109,-217.93937223893363,-332.03201709619054,-272.0482589157597,-135.32705571167844,-196.74995348431645,-160.4154173778109,-217.93937223893363,-332.03201709619054,-272.0482589157597,-135.32705571167844,-196.74995348431645,-160.4154173778109,-217.93937223893363,-332.03201709619054,-272.0482589157597,-135.32705571167844,-196.74995348431645,-160.4154173778109,-217.93937223893363,-332.03201709619054,-272.0482589157597,-135.32705571167844,-196.74995348431645,-160.4154173778109,-217.93937223893363,-332.03201709619054,-272.0482589157597,-135.32705571167844,-196.74995348431645,-160.4154173778109,-217.93937223893363,-332.03201709619054,-272.0482589157597,-135.32705571167844,-196.74995348431645,-160.4154173778109,-217.93937223893363,-332.03201709619054,-272.0482589157597,-135.32705571167844,-196.74995348431645,-160.4154173778109,-217.93937223893363,-332.03201709619054,-272.0482589157597,-135.32705571167844,-196.74995348431645,-160.4154173778109,-217.93937223893363,-332.03201709619054,-272.0482589157597,-135.32705571167844,-196.74995348431645,-160.4154173778109,-217.93937223893363,-332.03201709619054,-272.0482589157597,-135.32705571167844,-196.74995348431645,-160.4154173778109,-217.93937223893363,-332.03201709619054,-272.0482589157597,-135.32705571167844,-196.74995348431645,-160.4154173778109,-217.93937223893363,-332.03201709619054,-272.0482589157597,-135.32705571167844,-196.74995348431645,-160.4154173778109,-217.93937223893363,668.9542179189584,142.7858394699496,5.3911524802462385e-05
12,-345.18313368659665,-369.6249008466784,-81.01265785855122,-108.44585481400435,-234.52887264848817,-27.256674762551143,-345.18313368659665,-369.6249008466784,-81.01265785855122,-108.44585481400435,-234.52887264848817,-27.256674762551143,-345.18313368659665,-369.6249008466784,-81.01265785855122,-108.44585481400435,-234.52887264848817,-27.256674762551143,-345.18313368659665,-369.6249008466784,-81.01265785855122,-108.44585481400435,-234.52887264848817,-27.256674762551143,-345.18313368659665,-369.6249008466784,-81.01265785855122,-108.44585481400435,-234.52887264848817,-27.256674762551143,-345.18313368659665,-369.6249008466784,-81.01265785855122,-108.44585481400435,-234.52887264848817,-27.256674762551143,-345.18313368659665,-369.6249008466784,-81.01265785855122,-108.44585481400435,-234.52887264848817,-27.256674762551143,-345.18313368659665,-369.6249008466784,-81.01265785855122,-108.44585481400435,-234.52887264848817,-27.256674762551143,-345.18313368659665,-369.6249008466784,-81.01265785855122,-108.44585481400435,-234.52887264848817,-27.256674762551143,-345.18313368659665,-369.6249008466784,-81.01265785855122,-108.44585481400435,-234.52887264848817,-27.256674762551143,-345.18313368659665,-369.6249008466784,-81.01265785855122,-108.44585481400435,-234.52887264848817,-27.256674762551143,-345.18313368659665,-369.6249008466784,-81.01265785855122,-108.44585481400435,-234.52887264848817,-27.256674762551143,-345.18313368659665,-369.6249008466784,-81.01265785855122,-108.44585481400435,-234.52887264848817,-27.256674762551143,-345.18313368659665,-369.6249008466784,-81.01265785855122,-108.44585481400435,-234.52887264848817,-27.256674762551143,-345.18313368659665,-369.6249008466784,-81.01265785855122,-108.44585481400435,-234.52887264848817,-27.256674762551143,-345.18313368659665,-369.6249008466784,-81.01265785855122,-108.44585481400435,-234.52887264848817,-27.256674762551143,-345.18313368659665,-369.6249008466784,-81.01265785855122,-108.44585481400435,-234.52887264848817,-27.256674762551143,-345.18313368659665,-369.6249008466784,-81.01265785855122,-108.44585481400435,-234.52887264848817,-27.256674762551143,-345.18313368659665,-369.6249008466784,-81.01265785855122,-108.44585481400435,-234.52887264848817,-27.256674762551143,-345.18313368659665,-369.6249008466784,-81.01265785855122,-108.44585481400435,-234.52887264848817,-27.256674762551143,-345.18313368659665,-369.6249008466784,-81.01265785855122,-108.44585481400435,-234.52887264848817,-27.256674762551143,-345.18313368659665,-369.6249008466784,-81.01265785855122,-108.44585481400435,-234.52887264848817,-27.256674762551143,-345.18313368659665,-369.6249008466784,-81.01265785855122,-108.44585481400435,-234.52887264848817,-27.256674762551143,-345.18313368659665,-369.6249008466784,-81.01265785855122,-108.44585481400435,-234.52887264848817,-27.256674762551143,-345.18313368659665,-369.6249008466784,-81.01265785855122,-108.44585481400435,-234.52887264848817,-27.256674762551143,1029.135017204319,1021.4240502709964,9.673629936625083e-05
13,-330.9944309960552,-428.6826316191076,-212.1514767437606,-241.05006444721153,-340.38583829392485,-356.1551807018179,-330.9944309960552,-428.6826316191076,-212.1514767437606,-241.05006444721153,-340.38583829392485,-356.1551807018179,-330.9944309960552,-428.6826316191076,-212.1514767437606,-241.05006444721153,-340.38583829392485,-356.1551807018179,-330.9944309960552,-428.6826316191076,-212.1514767437606,-241.05006444721153,-340.38583829392485,-356.1551807018179,-330.9944309960552,-428.6826316191076,-212.1514767437606,-241.05006444721153,-340.38583829392485,-356.1551807018179,-330.9944309960552,-428.6826316191076,-212.1514767437606,-241.05006444721153,-340.38583829392485,-356.1551807018179,-330.9944309960552,-428.6826316191076,-212.1514767437606,-241.05006444721153,-340.38583829392485,-356.1551807018179,-330.9944309960552,-428.6826316191076,-212.1514767437606,-241.05006444721153,-340.38583829392485,-356.1551807018179,-330.9944309960552,-428.6826316191076,-212.1514767437606,-241.05006444721153,-340.38583829392485,-356.1551807018179,-330.9944309960552,-428.6826316191076,-212.1514767437606,-241.05006444721153,-340.38583829392485,-356.1551807018179,-330.9944309960552,-428.6826316191076,-212.1514767437606,-241.05006444721153,-340.38583829392485,-356.1551807018179,-330.9944309960552,-428.6826316191076,-212.1514767437606,-241.05006444721153,-340.38583829392485,-356.1551807018179,-330.9944309960552,-428.6826316191076,-212.1514767437606,-241.05006444721153,-340.38583829392485,-356.1551807018179,-330.9944309960552,-428.6826316191076,-212.1514767437606,-241.05006444721153,-340.38583829392485,-356.1551807018179,-330.9944309960552,-428.6826316191076,-212.1514767437606,-241.05006444721153,-340.38583829392485,-356.1551807018179,-330.9944309960552,-428.6826316191076,-212.1514767437606,-241.05006444721153,-340.38583829392485,-356.1551807018179,-330.9944309960552,-428.6826316191076,-212.1514767437606,-241.05006444721153,-340.38583829392485,-356.1551807018179,-330.9944309960552,-428.6826316191076,-212.1514767437606,-241.05006444721153,-340.38583829392485,-356.1551807018179,-330.9944309960552,-428.6826316191076,-212.1514767437606,-241.05006444721153,-340.38583829392485,-356.1551807018179,-330.9944309960552,-428.6826316191076,-212.1514767437606,-241.05006444721153,-340.38583829392485,-356.1551807018179,-330.9944309960552,-428.6826316191076,-212.1514767437606,-241.05006444721153,-340.38583829392485,-356.1551807018179,-330.9944309960552,-428.6826316191076,-212.1514767437606,-241.05006444721153,-340.38583829392485,-356.1551807018179,-330.9944309960552,-428.6826316191076,-212.1514767437606,-241.05006444721153,-340.38583829392485,-356.1551807018179,-330.9944309960552,-428.6826316191076,-212.1514767437606,-241.05006444721153,-340.38583829392485,-356.1551807018179,-330.9944309960552,-428.6826316191076,-212.1514767437606,-241.05006444721153,-340.38583829392485,-356.1551807018179,674.0542609396583,362.68877790035356,0.00016239403901506752
14,-478.9026334078185,-194.36060273224086,-273.843101821337,-67.41844059447459,-133.3652701320524,-379.2548319200682,-478.9026334078185,-194.36060273224086,-273.843101821337,-67.41844059447459,-133.3652701320524,-379.2548319200682,-478.9026334078185,-194.36060273224086,-273.843101821337,-67.41844059447459,-133.3652701320524,-379.2548319200682,-478.9026334078185,-194.36060273224086,-273.843101821337,-67.41844059447459,-133.3652701320524,-379.2548319200682,-478.9026334078185,-194.36060273224086,-273.843101821337,-67.41844059447459,-133.3652701320524,-379.2548319200682,-478.9026334078185,-194.36060273224086,-273.843101821337,-67.41844059447459,-133.3652701320524,-379.2548319200682,-478.9026334078185,-194.36060273224086,-273.843101821337,-67.41844059447459,-133.3652701320524,-379.2548319200682,-478.9026334078185,-194.36060273224086,-273.843101821337,-67.41844059447459,-133.3652701320524,-379.2548319200682,-478.9026334078185,-194.36060273224086,-273.843101821337,-67.41844059447459,-133.3652701320524,-379.2548319200682,-478.9026334078185,-194.36060273224086,-273.843101821337,-67.41844059447459,-133.3652701320524,-379.2548319200682,-478.9026334078185,-194.36060273224086,-273.843101821337,-67.41844059447459,-133.3652701320524,-379.2548319200682,-478.9026334078185,-194.36060273224086,-273.843101821337,-67.41844059447459,-133.3652701320524,-379.2548319200682,-478.9026334078185,-194.36060273224086,-273.843101821337,-67.41844059447459,-133.3652701320524,-379.2548319200682,-478.9026334078185,-194.36060273224086,-273.843101821337,-67.41844059447459,-133.3652701320524,-379.2548319200682,-478.9026334078185,-194.36060273224086,-273.843101821337,-67.41844059447459,-133.3652701320524,-379.2548319200682,-478.9026334078185,-194.36060273224086,-273.843101821337,-67.41844059447459,-133.3652701320524,-379.2548319200682,-478.9026334078185,-194.36060273224086,-273.843101821337,-67.41844059447459,-133.3652701320524,-379.2548319200682,-478.9026334078185,-194.36060273224086,-273.843101821337,-67.41844059447459,-133.3652701320524,-379.2548319200682,-478.9026334078185,-194.36060273224086,-273.843101821337,-67.41844059447459,-133.3652701320524,-379.2548319200682,-478.9026334078185,-194.36060273224086,-273.843101821337,-67.41844059447459,-133.3652701320524,-379.2548319200682,-478.9026334078185,-194.36060273224086,-273.843101821337,-67.41844059447459,-133.3652701320524,-379.2548319200682,-478.9026334078185,-194.36060273224086,-273.843101821337,-67.41844059447459,-133.3652701320524,-379.2548319200682,-478.9026334078185,-194.36060273224086,-273.843101821337,-67.41844059447459,-133.3652701320524,-379.2548319200682,-478.9026334078185,-194.36060273224086,-273.843101821337,-67.41844059447459,-133.3652701320524,-379.2548319200682,-478.9026334078185,-194.36060273224086,-273.843101821337,-67.41844059447459,-133.3652701320524,-379.2548319200682,214.27737442827288,703.5554350438221,0.0001816438712217622
15,-67.03853607326971,-264.7360480008408,-47.99587971043826,-162.57602250340824,-465.18654263859094,-124.18899643940557,-67.03853607326971,-264.7360480008408,-47.99587971043826,-162.57602250340824,-465.18654263859094,-124.18899643940557,-67.03853607326971,-264.7360480008408,-47.99587971043826,-162.57602250340824,-465.18654263859094,-124.18899643940557,-67.03853607326971,-264.7360480008408,-47.99587971043826,-162.57602250340824,-465.18654263859094,-124.18899643940557,-67.03853607326971,-264.7360480008408,-47.99587971043826,-162.57602250340824,-465.18654263859094,-124.18899643940557,-67.03853607326971,-264.7360480008408,-47.99587971043826,-162.57602250340824,-465.18654263859094,-124.18899643940557,-67.03853607326971,-264.7360480008408,-47.99587971043826,-162.57602250340824,-465.18654263859094,-124.18899643940557,-67.03853607326971,-264.7360480008408,-47.99587971043826,-162.57602250340824,-465.18654263859094,-124.18899643940557,-67.03853607326971,-264.7360480008408,-47.99587971043826,-162.57602250340824,-465.18654263859094,-124.18899643940557,-67.03853607326971,-264.7360480008408,-47.99587971043826,-162.57602250340824,-465.18654263859094,-124.18899643940557,-67.03853607326971,-264.7360480008408,-47.99587971043826,-162.57602250340824,-465.18654263859094,-124.18899643940557,-67.03853607326971,-264.7360480008408,-47.99587971043826,-162.57602250340824,-465.18654263859094,-124.18899643940557,-67.03853607326971,-264.7360480008408,-47.99587971043826,-162.57602250340824,-465.18654263859094,-124.18899643940557,-67.03853607326971,-264.7360480008408,-47.99587971043826,-162.57602250340824,-465.18654263859094,-124.18899643940557,-67.03853607326971,-264.7360480008408,-47.99587971043826,-162.57602250340824,-465.18654263859094,-124.18899643940557,-67.03853607326971,-264.7360480008408,-47.99587971043826,-162.57602250340824,-465.18654263859094,-124.18899643940557,-67.03853607326971,-264.7360480008408,-47.99587971043826,-162.57602250340824,-465.18654263859094,-124.18899643940557,-67.03853607326971,-264.7360480008408,-47.99587971043826,-162.57602250340824,-465.18654263859094,-124.18899643940557,-67.03853607326971,-264.7360480008408,-47.99587971043826,-162.57602250340824,-465.18654263859094,-124.18899643940557,-67.03853607326971,-264.7360480008408,-47.99587971043826,-162.57602250340824,-465.18654263859094,-124.18899643940557,-67.03853607326971,-264.7360480008408,-47.99587971043826,-162.57602250340824,-465.18654263859094,-124.18899643940557,-67.03853607326971,-264.7360480008408,-47.99587971043826,-162.57602250340824,-465.18654263859094,-124.18899643940557,-67.03853607326971,-264.7360480008408,-47.99587971043826,-162.57602250340824,-465.18654263859094,-124.18899643940557,-67.03853607326971,-264.7360480008408,-47.99587971043826,-162.57602250340824,-465.18654263859094,-124.18899643940557,-67.03853607326971,-264.7360480008408,-47.99587971043826,-162.57602250340824,-465.18654263859094,-124.18899643940557,442.3776067338537,332.0423873707116,0.00019365579031216588
16,-450.56268441634745,-119.20625799678987,-23.278586474520637,-207.72244538744536,-418.9489207917565,-447.6128058851598,-450.56268441634745,-119.20625799678987,-23.278586474520637,-207.72244538744536,-418.9489207917565,-447.6128058851598,-450.56268441634745,-119.20625799678987,-23.278586474520637,-207.72244538744536,-418.9489207917565,-447.6128058851598,-450.56268441634745,-119.20625799678987,-23.278586474520637,-207.72244538744536,-418.9489207917565,-447.6128058851598,-450.56268441634745,-119.20625799678987,-23.278586474520637,-207.72244538744536,-418.9489207917565,-447.6128058851598,-450.56268441634745,-119.20625799678987,-23.278586474520637,-207.72244538744536,-418.9489207917565,-447.6128058851598,-450.56268441634745,-119.20625799678987,-23.278586474520637,-207.72244538744536,-418.9489207917565,-447.6128058851598,-450.56268441634745,-119.20625799678987,-23.278586474520637,-207.72244538744536,-418.9489207917565,-447.6128058851598,-450.56268441634745,-119.20625799678987,-23.278586474520637,-207.72244538744536,-418.9489207917565,-447.6128058851598,-450.56268441634745,-119.20625799678987,-23.278586474520637,-207.72244538744536,-418.9489207917565,-447.6128058851598,-450.56268441634745,-119.20625799678987,-23.278586474520637,-207.72244538744536,-418.9489207917565,-447.6128058851598,-450.56268441634745,-119.20625799678987,-23.278586474520637,-207.72244538744536,-418.9489207917565,-447.6128058851598,-450.56268441634745,-119.20625799678987,-23.278586474520637,-207.72244538744536,-418.9489207917565,-447.6128058851598,-450.56268441634745,-119.20625799678987,-23.278586474520637,-207.72244538744536,-418.9489207917565,-447.6128058851598,-450.56268441634745,-119.20625799678987,-23.278586474520637,-207.72244538744536,-418.9489207917565,-447.6128058851598,-450.56268441634745,-119.20625799678987,-23.278586474520637,-207.72244538744536,-418.9489207917565,-447.6128058851598,-450.56268441634745,-119.20625799678987,-23.278586474520637,-207.72244538744536,-418.9489207917565,-447.6128058851598,-450.56268441634745,-119.20625799678987,-23.278586474520637,-207.72244538744536,-418.9489207917565,-447.6128058851598,-450.56268441634745,-119.20625799678987,-23.278586474520637,-207.72244538744536,-418.9489207917565,-447.6128058851598,-450.56268441634745,-119.20625799678987,-23.278586474520637,-207.72244538744536,-418.9489207917565,-447.6128058851598,-450.56268441634745,-119.20625799678987,-23.278586474520637,-207.72244538744536,-418.9489207917565,-447.6128058851598,-450.56268441634745,-119.20625799678987,-23.278586474520637,-207.72244538744536,-418.9489207917565,-447.6128058851598,-450.56268441634745,-119.20625799678987,-23.278586474520637,-207.72244538744536,-418.9489207917565,-447.6128058851598,-450.56268441634745,-119.20625799678987,-23.278586474520637,-207.72244538744536,-418.9489207917565,-447.6128058851598,-450.56268441634745,-119.20625799678987,-23.278586474520637,-207.72244538744536,-418.9489207917565,-447.6128058851598,359.46205277712374,438.19356957348964,5.0955650424202476e-05
17,-301.7888119584192,-110.90337117153098,-406.34947482410064,-227.9096570422504,-371.81783060462567,-199.59528447097887,-301.7888119584192,-110.90337117153098,-406.34947482410064,-227.9096570422504,-371.81783060462567,-199.59528447097887,-301.7888119584192,-110.90337117153098,-406.34947482410064,-227.9096570422504,-371.81783060462567,-199.59528447097887,-301.7888119584192,-110.90337117153098,-406.34947482410064,-227.9096570422504,-371.81783060462567,-199.59528447097887,-301.7888119584192,-110.90337117153098,-406.34947482410064,-227.9096570422504,-371.81783060462567,-199.59528447097887,-301.7888119584192,-110.90337117153098,-406.34947482410064,-227.9096570422504,-371.81783060462567,-199.59528447097887,-301.7888119584192,-110.90337117153098,-406.34947482410064,-227.9096570422504,-371.81783060462567,-199.59528447097887,-301.7888119584192,-110.90337117153098,-406.34947482410064,-227.9096570422504,-371.81783060462567,-199.59528447097887,-301.7888119584192,-110.90337117153098,-406.34947482410064,-227.9096570422504,-371.81783060462567,-199.59528447097887,-301.7888119584192,-110.90337117153098,-406.34947482410064,-227.9096570422504,-371.81783060462567,-199.59528447097887,-301.7888119584192,-110.90337117153098,-406.34947482410064,-227.9096570422504,-371.81783060462567,-199.59528447097887,-301.7888119584192,-110.90337117153098,-406.34947482410064,-227.9096570422504,-371.81783060462567,-199.59528447097887,-301.7888119584192,-110.90337117153098,-406.34947482410064,-227.9096570422504,-371.81783060462567,-199.59528447097887,-301.7888119584192,-110.90337117153098,-406.34947482410064,-227.9096570422504,-371.81783060462567,-199.59528447097887,-301.7888119584192,-110.90337117153098,-406.34947482410064,-227.9096570422504,-371.81783060462567,-199.59528447097887,-301.7888119584192,-110.90337117153098,-406.34947482410064,-227.9096570422504,-371.81783060462567,-199.59528447097887,-301.7888119584192,-110.90337117153098,-406.34947482410064,-227.9096570422504,-371.81783060462567,-199.59528447097887,-301.7888119584192,-110.90337117153098,-406.34947482410064,-227.9096570422504,-371.81783060462567,-199.59528447097887,-301.7888119584192,-110.90337117153098,-406.34947482410064,-227.9096570422504,-371.81783060462567,-199.59528447097887,-301.7888119584192,-110.90337117153098,-406.34947482410064,-227.9096570422504,-371.81783060462567,-199.59528447097887,-301.7888119584192,-110.90337117153098,-406.34947482410064,-227.9096570422504,-371.81783060462567,-199.59528447097887,-301.7888119584192,-110.90337117153098,-406.34947482410064,-227.9096570422504,-371.81783060462567,-199.59528447097887,-301.7888119584192,-110.90337117153098,-406.34947482410064,-227.9096570422504,-371.81783060462567,-199.59528447097887,-301.7888119584192,-110.90337117153098,-406.34947482410064,-227.9096570422504,-371.81783060462567,-199.59528447097887,-301.7888119584192,-110.90337117153098,-406.34947482410064,-227.9096570422504,-371.81783060462567,-199.59528447097887,1044.8035240951822,719.2902259017447,0.00015495060624756986
18,-264.14394694137286,-75.36251810986306,-484.98823852253236,-364.08794537624135,-461.5425164746325,-420.27520891017906,-264.14394694137286,-75.36251810986306,-484.98823852253236,-364.08794537624135,-461.5425164746325,-420.27520891017906,-264.14394694137286,-75.36251810986306,-484.98823852253236,-364.08794537624135,-461.5425164746325,-420.27520891017906,-264.14394694137286,-75.36251810986306,-484.98823852253236,-364.08794537624135,-461.5425164746325,-420.27520891017906,-264.14394694137286,-75.36251810986306,-484.98823852253236,-364.08794537624135,-461.5425164746325,-420.27520891017906,-264.14394694137286,-75.36251810986306,-484.98823852253236,-364.08794537624135,-461.5425164746325,-420.27520891017906,-264.14394694137286,-75.36251810986306,-484.98823852253236,-364.08794537624135,-461.5425164746325,-420.27520891017906,-264.14394694137286,-75.36251810986306,-484.98823852253236,-364.08794537624135,-461.5425164746325,-420.27520891017906,-264.14394694137286,-75.36251810986306,-484.98823852253236,-364.08794537624135,-461.5425164746325,-420.27520891017906,-264.14394694137286,-75.36251810986306,-484.98823852253236,-364.08794537624135,-461.5425164746325,-420.27520891017906,-264.14394694137286,-75.36251810986306,-484.98823852253236,-364.08794537624135,-461.5425164746325,-420.27520891017906,-264.14394694137286,-75.36251810986306,-484.98823852253236,-364.08794537624135,-461.5425164746325,-420.27520891017906,-264.14394694137286,-75.36251810986306,-484.98823852253236,-364.08794537624135,-461.5425164746325,-420.27520891017906,-264.14394694137286,-75.36251810986306,-484.98823852253236,-364.08794537624135,-461.5425164746325,-420.27520891017906,-264.14394694137286,-75.36251810986306,-484.98823852253236,-364.08794537624135,-461.5425164746325,-420.27520891017906,-264.14394694137286,-75.36251810986306,-484.98823852253236,-364.08794537624135,-461.5425164746325,-420.27520891017906,-264.14394694137286,-75.36251810986306,-484.98823852253236,-364.08794537624135,-461.5425164746325,-420.27520891017906,-264.14394694137286,-75.36251810986306,-484.98823852253236,-364.08794537624135,-461.5425164746325,-420.27520891017906,-264.14394694137286,-75.36251810986306,-484.98823852253236,-364.08794537624135,-461.5425164746325,-420.27520891017906,-264.14394694137286,-75.36251810986306,-484.98823852253236,-364.08794537624135,-461.5425164746325,-420.27520891017906,-264.14394694137286,-75.36251810986306,-484.98823852253236,-364.08794537624135,-461.5425164746325,-420.27520891017906,-264.14394694137286,-75.36251810986306,-484.98823852253236,-364.08794537624135,-461.5425164746325,-420.27520891017906,-264.14394694137286,-75.36251810986306,-484.98823852253236,-364.08794537624135,-461.5425164746325,-420.27520891017906,-264.14394694137286,-75.36251810986306,-484.98823852253236,-364.08794537624135,-461.5425164746325,-420.27520891017906,-264.14394694137286,-75.36251810986306,-484.98823852253236,-364.08794537624135,-461.5425164746325,-420.27520891017906,349.559326292219,59.094167014986354,0.00017634991055617003
19,-305.2551386971379,-56.98600898726016,-425.69523704885046,-62.261299544663075,-276.0122651273264,-41.81108416633111,-305.2551386971379,-56.98600898726016,-425.69523704885046,-62.261299544663075,-276.0122651273264,-41.81108416633111,-305.2551386971379,-56.98600898726016,-425.69523704885046,-62.261299544663075,-276.0122651273264,-41.81108416633111,-305.2551386971379,-56.98600898726016,-425.69523704885046,-62.261299544663075,-276.0122651273264,-41.81108416633111,-305.2551386971379,-56.98600898726016,-425.69523704885046,-62.261299544663075,-276.0122651273264,-41.81108416633111,-305.2551386971379,-56.98600898726016,-425.69523704885046,-62.261299544663075,-276.0122651273264,-41.81108416633111,-305.2551386971379,-56.98600898726016,-425.69523704885046,-62.261299544663075,-276.0122651273264,-41.81108416633111,-305.2551386971379,-56.98600898726016,-425.69523704885046,-62.261299544663075,-276.0122651273264,-41.81108416633111,-305.2551386971379,-56.98600898726016,-425.69523704885046,-62.261299544663075,-276.0122651273264,-41.81108416633111,-305.2551386971379,-56.98600898726016,-425.69523704885046,-62.261299544663075,-276.0122651273264,-41.81108416633111,-305.2551386971379,-56.98600898726016,-425.69523704885046,-62.261299544663075,-276.0122651273264,-41.81108416633111,-305.2551386971379,-56.98600898726016,-425.69523704885046,-62.261299544663075,-276.0122651273264,-41.81108416633111,-305.2551386971379,-56.98600898726016,-425.69523704885046,-62.261299544663075,-276.0122651273264,-41.81108416633111,-305.2551386971379,-56.98600898726016,-425.69523704885046,-62.261299544663075,-276.0122651273264,-41.81108416633111,-305.2551386971379,-56.98600898726016,-425.69523704885046,-62.261299544663075,-276.0122651273264,-41.81108416633111,-305.2551386971379,-56.98600898726016,-425.69523704885046,-62.261299544663075,-276.0122651273264,-41.81108416633111,-305.2551386971379,-56.98600898726016,-425.69523704885046,-62.261299544663075,-276.0122651273264,-41.81108416633111,-305.2551386971379,-56.98600898726016,-425.69523704885046,-62.261299544663075,-276.0122651273264,-41.81108416633111,-305.2551386971379,-56.98600898726016,-425.69523704885046,-62.261299544663075,-276.0122651273264,-41.81108416633111,-305.2551386971379,-56.98600898726016,-425.69523704885046,-62.261299544663075,-276.0122651273264,-41.81108416633111,-305.2551386971379,-56.98600898726016,-425.69523704885046,-62.261299544663075,-276.0122651273264,-41.81108416633111,-305.2551386971379,-56.98600898726016,-425.69523704885046,-62.261299544663075,-276.0122651273264,-41.81108416633111,-305.2551386971379,-56.98600898726016,-425.69523704885046,-62.261299544663075,-276.0122651273264,-41.81108416633111,-305.2551386971379,-56.98600898726016,-425.69523704885046,-62.261299544663075,-276.0122651273264,-41.81108416633111,-305.2551386971379,-56.98600898726016,-425.69523704885046,-62.261299544663075,-276.0122651273264,-41.81108416633111,895.5558651871311,448.05996906833377,0.00019474664282598885
20,-479.70408750910565,-386.027037173172,-335.204476454054,-340.1621018066408,-487.1065168194857,-306.52084757433147,-479.70408750910565,-386.027037173172,-335.204476454054,-340.1621018066408,-487.1065168194857,-306.52084757433147,-479.70408750910565,-386.027037173172,-335.204476454054,-340.1621018066408,-487.1065168194857,-306.52084757433147,-479.70408750910565,-386.027037173172,-335.204476454054,-340.1621018066408,-487.1065168194857,-306.52084757433147,-479.70408750910565,-386.027037173172,-335.204476454054,-340.1621018066408,-487.1065168194857,-306.52084757433147,-479.70408750910565,-386.027037173172,-335.204476454054,-340.1621018066408,-487.1065168194857,-306.52084757433147,-479.70408750910565,-386.027037173172,-335.204476454054,-340.1621018066408,-487.1065168194857,-306.52084757433147,-479.70408750910565,-386.027037173172,-335.204476454054,-340.1621018066408,-487.1065168194857,-306.52084757433147,-479.70408750910565,-386.027037173172,-335.204476454054,-340.1621018066408,-487.1065168194857,-306.52084757433147,-479.70408750910565,-386.027037173172,-335.204476454054,-340.1621018066408,-487.1065168194857,-306.52084757433147,-479.70408750910565,-386.027037173172,-335.204476454054,-340.1621018066408,-487.1065168194857,-306.52084757433147,-479.70408750910565,-386.027037173172,-335.204476454054,-340.1621018066408,-487.1065168194857,-306.52084757433147,-479.70408750910565,-386.027037173172,-335.204476454054,-340.1621018066408,-487.1065168194857,-306.52084757433147,-479.70408750910565,-386.027037173172,-335.204476454054,-340.1621018066408,-487.1065168194857,-306.52084757433147,-479.70408750910565,-386.027037173172,-335.204476454054,-340.1621018066408,-487.1065168194857,-306.52084757433147,-479.70408750910565,-386.027037173172,-335.204476454054,-340.1621018066408,-487.1065168194857,-306.52084757433147,-479.70408750910565,-386.027037173172,-335.204476454054,-340.1621018066408,-487.1065168194857,-306.52084757433147,-479.70408750910565,-386.027037173172,-335.204476454054,-340.1621018066408,-487.1065168194857,-306.52084757433147,-479.70408750910565,-386.027037173172,-335.204476454054,-340.1621018066408,-487.1065168194857,-306.52084757433147,-479.70408750910565,-386.027037173172,-335.204476454054,-340.1621018066408,-487.1065168194857,-306.52084757433147,-479.70408750910565,-386.027037173172,-335.204476454054,-340.1621018066408,-487.1065168194857,-306.52084757433147,-479.70408750910565,-386.027037173172,-335.204476454054,-340.1621018066408,-487.1065168194857,-306.52084757433147,-479.70408750910565,-386.027037173172,-335.204476454054,-340.1621018066408,-487.1065168194857,-306.52084757433147,-479.70408750910565,-386.027037173172,-335.204476454054,-340.1621018066408,-487.1065168194857,-306.52084757433147,-479.70408750910565,-386.027037173172,-335.204476454054,-340.1621018066408,-487.1065168194857,-306.52084757433147,402.97578711196223,1194.7264156051158,0.00011766911418889897
21,-468.16184258009486,-359.2611636654961,-3.132634698121649,-218.73340089966024,-280.4657319264716,-477.78635184628683,-468.16184258009486,-359.2611636654961,-3.132634698121649,-218.73340089966024,-280.4657319264716,-477.78635184628683,-468.16184258009486,-359.2611636654961,-3.132634698121649,-218.73340089966024,-280.4657319264716,-477.78635184628683,-468.16184258009486,-359.2611636654961,-3.132634698121649,-218.73340089966024,-280.4657319264716,-477.78635184628683,-468.16184258009486,-359.2611636654961,-3.132634698121649,-218.73340089966024,-280.4657319264716,-477.78635184628683,-468.16184258009486,-359.2611636654961,-3.132634698121649,-218.73340089966024,-280.4657319264716,-477.78635184628683,-468.16184258009486,-359.2611636654961,-3.132634698121649,-218.73340089966024,-280.4657319264716,-477.78635184628683,-468.16184258009486,-359.2611636654961,-3.132634698121649,-218.73340089966024,-280.4657319264716,-477.78635184628683,-468.16184258009486,-359.2611636654961,-3.132634698121649,-218.73340089966024,-280.4657319264716,-477.78635184628683,-468.16184258009486,-359.2611636654961,-3.132634698121649,-218.73340089966024,-280.4657319264716,-477.78635184628683,-468.16184258009486,-359.2611636654961,-3.132634698121649,-218.73340089966024,-280.4657319264716,-477.78635184628683,-468.16184258009486,-359.2611636654961,-3.132634698121649,-218.73340089966024,-280.4657319264716,-477.78635184628683,-468.16184258009486,-359.2611636654961,-3.132634698121649,-218.73340089966024,-280.4657319264716,-477.78635184628683,-468.16184258009486,-359.2611636654961,-3.132634698121649,-218.73340089966024,-280.4657319264716,-477.78635184628683,-468.16184258009486,-359.2611636654961,-3.132634698121649,-218.73340089966024,-280.4657319264716,-477.78635184628683,-468.16184258009486,-359.2611636654961,-3.132634698121649,-218.73340089966024,-280.4657319264716,-477.78635184628683,-468.16184258009486,-359.2611636654961,-3.132634698121649,-218.73340089966024,-280.4657319264716,-477.78635184628683,-468.16184258009486,-359.2611636654961,-3.132634698121649,-218.73340089966024,-280.4657319264716,-477.78635184628683,-468.16184258009486,-359.2611636654961,-3.132634698121649,-218.73340089966024,-280.4657319264716,-477.78635184628683,-468.16184258009486,-359.2611636654961,-3.132634698121649,-218.73340089966024,-280.4657319264716,-477.78635184628683,-468.16184258009486,-359.2611636654961,-3.132634698121649,-218.73340089966024,-280.4657319264716,-477.78635184628683,-468.16184258009486,-359.2611636654961,-3.132634698121649,-218.73340089966024,-280.4657319264716,-477.78635184628683,-468.16184258009486,-359.2611636654961,-3.132634698121649,-218.73340089966024,-280.4657319264716,-477.78635184628683,-468.16184258009486,-359.2611636654961,-3.132634698121649,-218.73340089966024,-280.4657319264716,-477.78635184628683,-468.16184258009486,-359.2611636654961,-3.132634698121649,-218.73340089966024,-280.4657319264716,-477.78635184628683,1146.4082955555716,1076.0981951479655,0.00013479460296480012
22,-171.845307023104,-227.3620922904247,-24.25279089818548,-310.23900965526127,-63.27023000486474,-494.9209045838959,-171.845307023104,-227.3620922904247,-24.25279089818548,-310.23900965526127,-63.27023000486474,-494.9209045838959,-171.845307023104,-227.3620922904247,-24.25279089818548,-310.23900965526127,-63.27023000486474,-494.9209045838959,-171.845307023104,-227.3620922904247,-24.25279089818548,-310.23900965526127,-63.27023000486474,-494.9209045838959,-171.845307023104,-227.3620922904247,-24.25279089818548,-310.23900965526127,-63.27023000486474,-494.9209045838959,-171.845307023104,-227.3620922904247,-24.25279089818548,-310.23900965526127,-63.27023000486474,-494.9209045838959,-171.845307023104,-227.3620922904247,-24.25279089818548,-310.23900965526127,-63.27023000486474,-494.9209045838959,-171.845307023104,-227.3620922904247,-24.25279089818548,-310.23900965526127,-63.27023000486474,-494.9209045838959,-171.845307023104,-227.3620922904247,-24.25279089818548,-310.23900965526127,-63.27023000486474,-494.9209045838959,-171.845307023104,-227.3620922904247,-24.25279089818548,-310.23900965526127,-63.27023000486474,-494.9209045838959,-171.845307023104,-227.3620922904247,-24.25279089818548,-310.23900965526127,-63.27023000486474,-494.9209045838959,-171.845307023104,-227.3620922904247,-24.25279089818548,-310.23900965526127,-63.27023000486474,-494.9209045838959,-171.845307023104,-227.3620922904247,-24.25279089818548,-310.23900965526127,-63.27023000486474,-494.9209045838959,-171.845307023104,-227.3620922904247,-24.25279089818548,-310.23900965526127,-63.27023000486474,-494.9209045838959,-171.845307023104,-227.3620922904247,-24.25279089818548,-310.23900965526127,-63.27023000486474,-494.9209045838959,-171.845307023104,-227.3620922904247,-24.25279089818548,-310.23900965526127,-63.27023000486474,-494.9209045838959,-171.845307023104,-227.3620922904247,-24.25279089818548,-310.23900965526127,-63.27023000486474,-494.9209045838959,-171.845307023104,-227.3620922904247,-24.25279089818548,-310.23900965526127,-63.27023000486474,-494.9209045838959,-171.845307023104,-227.3620922904247,-24.25279089818548,-310.23900965526127,-63.27023000486474,-494.9209045838959,-171.845307023104,-227.3620922904247,-24.25279089818548,-310.23900965526127,-63.27023000486474,-494.9209045838959,-171.845307023104,-227.3620922904247,-24.25279089818548,-310.23900965526127,-63.27023000486474,-494.9209045838959,-171.845307023104,-227.3620922904247,-24.25279089818548,-310.23900965526127,-63.27023000486474,-494.9209045838959,-171.845307023104,-227.3620922904247,-24.25279089818548,-310.23900965526127,-63.27023000486474,-494.9209045838959,-171.845307023104,-227.3620922904247,-24.25279089818548,-310.23900965526127,-63.27023000486474,-494.9209045838959,-171.845307023104,-227.3620922904247,-24.25279089818548,-310.23900965526127,-63.27023000486474,-494.9209045838959,839.5772633756758,466.3744641837592,0.00011129203015224152
23,-170.5815687412868,-448.1666230216661,-37.94868989527339,-17.76305418914785,-355.625692688411,-109.8894032303134,-170.5815687412868,-448.1666230216661,-37.94868989527339,-17.76305418914785,-355.625692688411,-109.8894032303134,-170.5815687412868,-448.1666230216661,-37.94868989527339,-17.76305418914785,-355.625692688411,-109.8894032303134,-170.5815687412868,-448.1666230216661,-37.94868989527339,-17.76305418914785,-355.625692688411,-109.8894032303134,-170.5815687412868,-448.1666230216661,-37.94868989527339,-17.76305418914785,-355.625692688411,-109.8894032303134,-170.5815687412868,-448.1666230216661,-37.94868989527339,-17.76305418914785,-355.625692688411,-109.8894032303134,-170.5815687412868,-448.1666230216661,-37.94868989527339,-17.76305418914785,-355.625692688411,-109.8894032303134,-170.5815687412868,-448.1666230216661,-37.94868989527339,-17.76305418914785,-355.625692688411,-109.8894032303134,-170.5815687412868,-448.1666230216661,-37.94868989527339,-17.76305418914785,-355.625692688411,-109.8894032303134,-170.5815687412868,-448.1666230216661,-37.94868989527339,-17.76305418914785,-355.625692688411,-109.8894032303134,-170.5815687412868,-448.1666230216661,-37.94868989527339,-17.76305418914785,-355.625692688411,-109.8894032303134,-170.5815687412868,-448.1666230216661,-37.94868989527339,-17.76305418914785,-355.625692688411,-109.8894032303134,-170.5815687412868,-448.1666230216661,-37.94868989527339,-17.76305418914785,-355.625692688411,-109.8894032303134,-170.5815687412868,-448.1666230216661,-37.94868989527339,-17.76305418914785,-355.625692688411,-109.8894032303134,-170.5815687412868,-448.1666230216661,-37.94868989527339,-17.76305418914785,-355.625692688411,-109.8894032303134,-170.5815687412868,-448.1666230216661,-37.94868989527339,-17.76305418914785,-355.625692688411,-109.8894032303134,-170.5815687412868,-448.1666230216661,-37.94868989527339,-17.76305418914785,-355.625692688411,-109.8894032303134,-170.5815687412868,-448.1666230216661,-37.94868989527339,-17.76305418914785,-355.625692688411,-109.8894032303134,-170.5815687412868,-448.1666230216661,-37.94868989527339,-17.76305418914785,-355.625692688411,-109.8894032303134,-170.5815687412868,-448.1666230216661,-37.94868989527339,-17.76305418914785,-355.625692688411,-109.8894032303134,-170.5815687412868,-448.1666230216661,-37.94868989527339,-17.76305418914785,-355.625692688411,-109.8894032303134,-170.5815687412868,-448.1666230216661,-37.94868989527339,-17.76305418914785,-355.625692688411,-109.8894032303134,-170.5815687412868,-448.1666230216661,-37.94868989527339,-17.76305418914785,-355.625692688411,-109.8894032303134,-170.5815687412868,-448.1666230216661,-37.94868989527339,-17.76305418914785,-355.625692688411,-109.8894032303134,-170.5815687412868,-448.1666230216661,-37.94868989527339,-17.76305418914785,-355.625692688411,-109.8894032303134,515.7048707970769,106.16952397706024,6.487069030806702e-05
24,-484.1820124687975,-97.39948561062693,-177.73831044067475,-197.1402768253547,-95.90894812649691,-198.25201884468697,-484.1820124687975,-97.39948561062693,-177.73831044067475,-197.1402768253547,-95.90894812649691,-198.25201884468697,-484.1820124687975,-97.39948561062693,-177.73831044067475,-197.1402768253547,-95.90894812649691,-198.25201884468697,-484.1820124687975,-97.39948561062693,-177.73831044067475,-197.1402768253547,-95.90894812649691,-198.25201884468697,-484.1820124687975,-97.39948561062693,-177.73831044067475,-197.1402768253547,-95.90894812649691,-198.25201884468697,-484.1820124687975,-97.39948561062693,-177.73831044067475,-197.1402768253547,-95.90894812649691,-198.25201884468697,-484.1820124687975,-97.39948561062693,-177.73831044067475,-197.1402768253547,-95.90894812649691,-198.25201884468697,-484.1820124687975,-97.39948561062693,-177.73831044067475,-197.1402768253547,-95.90894812649691,-198.25201884468697,-484.1820124687975,-97.39948561062693,-177.73831044067475,-197.1402768253547,-95.90894812649691,-198.25201884468697,-484.1820124687975,-97.39948561062693,-177.73831044067475,-197.1402768253547,-95.90894812649691,-198.25201884468697,-484.1820124687975,-97.39948561062693,-177.73831044067475,-197.1402768253547,-95.90894812649691,-198.25201884468697,-484.1820124687975,-97.39948561062693,-177.73831044067475,-197.1402768253547,-95.90894812649691,-198.25201884468697,-484.1820124687975,-97.39948561062693,-177.73831044067475,-197.1402768253547,-95.90894812649691,-198.25201884468697,-484.1820124687975,-97.39948561062693,-177.73831044067475,-197.1402768253547,-95.90894812649691,-198.25201884468697,-484.1820124687975,-97.39948561062693,-177.73831044067475,-197.1402768253547,-95.90894812649691,-198.25201884468697,-484.1820124687975,-97.39948561062693,-177.73831044067475,-197.1402768253547,-95.90894812649691,-198.25201884468697,-484.1820124687975,-97.39948561062693,-177.73831044067475,-197.1402768253547,-95.90894812649691,-198.25201884468697,-484.1820124687975,-97.39948561062693,-177.73831044067475,-197.1402768253547,-95.90894812649691,-198.25201884468697,-484.1820124687975,-97.39948561062693,-177.73831044067475,-197.1402768253547,-95.90894812649691,-198.25201884468697,-484.1820124687975,-97.39948561062693,-177.73831044067475,-197.1402768253547,-95.90894812649691,-198.25201884468697,-484.1820124687975,-97.39948561062693,-177.73831044067475,-197.1402768253547,-95.90894812649691,-198.25201884468697,-484.1820124687975,-97.39948561062693,-177.73831044067475,-197.1402768253547,-95.90894812649691,-198.25201884468697,-484.1820124687975,-97.39948561062693,-177.73831044067475,-197.1402768253547,-95.90894812649691,-198.25201884468697,-484.1820124687975,-97.39948561062693,-177.73831044067475,-197.1402768253547,-95.90894812649691,-198.25201884468697,-484.1820124687975,-97.39948561062693,-177.73831044067475,-197.1402768253547,-95.90894812649691,-198.25201884468697,487.87459673631,169.77052953257515,9.001237626100595e-05
25,-150.31959245258827,-457.05302954713363,-295.21947149206375,-60.18954875682908,-209.5479586751506,-106.76750806755638,-150.31959245258827,-457.05302954713363,-295.21947149206375,-60.18954875682908,-209.5479586751506,-106.76750806755638,-150.31959245258827,-457.05302954713363,-295.21947149206375,-60.18954875682908,-209.5479586751506,-106.76750806755638,-150.31959245258827,-457.05302954713363,-295.21947149206375,-60.18954875682908,-209.5479586751506,-106.76750806755638,-150.31959245258827,-457.05302954713363,-295.21947149206375,-60.18954875682908,-209.5479586751506,-106.76750806755638,-150.31959245258827,-457.05302954713363,-295.21947149206375,-60.18954875682908,-209.5479586751506,-106.76750806755638,-150.31959245258827,-457.05302954713363,-295.21947149206375,-60.18954875682908,-209.5479586751506,-106.76750806755638,-150.31959245258827,-457.05302954713363,-295.21947149206375,-60.18954875682908,-209.5479586751506,-106.76750806755638,-150.31959245258827,-457.05302954713363,-295.21947149206375,-60.18954875682908,-209.5479586751506,-106.76750806755638,-150.31959245258827,-457.05302954713363,-295.21947149206375,-60.18954875682908,-209.5479586751506,-106.76750806755638,-150.31959245258827,-457.05302954713363,-295.21947149206375,-60.18954875682908,-209.5479586751506,-106.76750806755638,-150.31959245258827,-457.05302954713363,-295.21947149206375,-60.18954875682908,-209.5479586751506,-106.76750806755638,-150.31959245258827,-457.05302954713363,-295.21947149206375,-60.18954875682908,-209.5479586751506,-106.76750806755638,-150.31959245258827,-457.05302954713363,-295.21947149206375,-60.18954875682908,-209.5479586751506,-106.76750806755638,-150.31959245258827,-457.05302954713363,-295.21947149206375,-60.18954875682908,-209.5479586751506,-106.76750806755638,-150.31959245258827,-457.05302954713363,-295.21947149206375,-60.18954875682908,-209.5479586751506,-106.76750806755638,-150.31959245258827,-457.05302954713363,-295.21947149206375,-60.18954875682908,-209.5479586751506,-106.76750806755638,-150.31959245258827,-457.05302954713363,-295.21947149206375,-60.18954875682908,-209.5479586751506,-106.76750806755638,-150.31959245258827,-457.05302954713363,-295.21947149206375,-60.18954875682908,-209.5479586751506,-106.76750806755638,-150.31959245258827,-457.05302954713363,-295.21947149206375,-60.18954875682908,-209.5479586751506,-106.76750806755638,-150.31959245258827,-457.05302954713363,-295.21947149206375,-60.18954875682908,-209.5479586751506,-106.76750806755638,-150.31959245258827,-457.05302954713363,-295.21947149206375,-60.18954875682908,-209.5479586751506,-106.76750806755638,-150.31959245258827,-457.05302954713363,-295.21947149206375,-60.18954875682908,-209.5479586751506,-106.76750806755638,-150.31959245258827,-457.05302954713363,-295.21947149206375,-60.18954875682908,-209.5479586751506,-106.76750806755638,-150.31959245258827,-457.05302954713363,-295.21947149206375,-60.18954875682908,-209.5479586751506,-106.76750806755638,971.966230475656,508.74739599363386,0.00014204584271183633
26,-199.17611539774845,-456.96450420833315,-274.39808746339077,-164.95682938572196,-300.52467945612534,-435.9607630928475,-199.17611539774845,-456.96450420833315,-274.39808746339077,-164.95682938572196,-300.52467945612534,-435.9607630928475,-199.17611539774845,-456.96450420833315,-274.39808746339077,-164.95682938572196,-300.52467945612534,-435.9607630928475,-199.17611539774845,-456.96450420833315,-274.39808746339077,-164.95682938572196,-300.52467945612534,-435.9607630928475,-199.17611539774845,-456.96450420833315,-274.39808746339077,-164.95682938572196,-300.52467945612534,-435.9607630928475,-199.17611539774845,-456.96450420833315,-274.39808746339077,-164.95682938572196,-300.52467945612534,-435.9607630928475,-199.17611539774845,-456.96450420833315,-274.39808746339077,-164.95682938572196,-300.52467945612534,-435.9607630928475,-199.17611539774845,-456.96450420833315,-274.39808746339077,-164.95682938572196,-300.52467945612534,-435.9607630928475,-199.17611539774845,-456.96450420833315,-274.39808746339077,-164.95682938572196,-300.52467945612534,-435.9607630928475,-199.17611539774845,-456.96450420833315,-274.39808746339077,-164.95682938572196,-300.52467945612534,-435.9607630928475,-199.17611539774845,-456.96450420833315,-274.39808746339077,-164.95682938572196,-300.52467945612534,-435.9607630928475,-199.17611539774845,-456.96450420833315,-274.39808746339077,-164.95682938572196,-300.52467945612534,-435.9607630928475,-199.17611539774845,-456.96450420833315,-274.39808746339077,-164.95682938572196,-300.52467945612534,-435.9607630928475,-199.17611539774845,-456.96450420833315,-274.39808746339077,-164.95682938572196,-300.52467945612534,-435.9607630928475,-199.17611539774845,-456.96450420833315,-274.39808746339077,-164.95682938572196,-300.52467945612534,-435.9607630928475,-199.17611539774845,-456.96450420833315,-274.39808746339077,-164.95682938572196,-300.52467945612534,-435.9607630928475,-199.17611539774845,-456.96450420833315,-274.39808746339077,-164.95682938572196,-300.52467945612534,-435.9607630928475,-199.17611539774845,-456.96450420833315,-274.39808746339077,-164.95682938572196,-300.52467945612534,-435.9607630928475,-199.17611539774845,-456.96450420833315,-274.39808746339077,-164.95682938572196,-300.52467945612534,-435.9607630928475,-199.17611539774845,-456.96450420833315,-274.39808746339077,-164.95682938572196,-300.52467945612534,-435.9607630928475,-199.17611539774845,-456.96450420833315,-274.39808746339077,-164.95682938572196,-300.52467945612534,-435.9607630928475,-199.17611539774845,-456.96450420833315,-274.39808746339077,-164.95682938572196,-300.52467945612534,-435.9607630928475,-199.17611539774845,-456.96450420833315,-274.39808746339077,-164.95682938572196,-300.52467945612534,-435.9607630928475,-199.17611539774845,-456.96450420833315,-274.39808746339077,-164.95682938572196,-300.52467945612534,-435.9607630928475,-199.17611539774845,-456.96450420833315,-274.39808746339077,-164.95682938572196,-300.52467945612534,-435.9607630928475,312.4136808226463,578.7234310962607,6.410303838545618e-05
27,-89.41198896393752,-470.1368126568785,-379.2163729368051,-226.8407122161633,-481.0138226207576,-240.1023757618052,-89.41198896393752,-470.1368126568785,-379.2163729368051,-226.8407122161633,-481.0138226207576,-240.1023757618052,-89.41198896393752,-470.1368126568785,-379.2163729368051,-226.8407122161633,-481.0138226207576,-240.1023757618052,-89.41198896393752,-470.1368126568785,-379.2163729368051,-226.8407122161633,-481.0138226207576,-240.1023757618052,-89.41198896393752,-470.1368126568785,-379.2163729368051,-226.8407122161633,-481.0138226207576,-240.1023757618052,-89.41198896393752,-470.1368126568785,-379.2163729368051,-226.8407122161633,-481.0138226207576,-240.1023757618052,-89.41198896393752,-470.1368126568785,-379.2163729368051,-226.8407122161633,-481.0138226207576,-240.1023757618052,-89.41198896393752,-470.1368126568785,-379.2163729368051,-226.8407122161633,-481.0138226207576,-240.1023757618052,-89.41198896393752,-470.1368126568785,-379.2163729368051,-226.8407122161633,-481.0138226207576,-240.1023757618052,-89.41198896393752,-470.1368126568785,-379.2163729368051,-226.8407122161633,-481.0138226207576,-240.1023757618052,-89.41198896393752,-470.1368126568785,-379.2163729368051,-226.8407122161633,-481.0138226207576,-240.1023757618052,-89.41198896393752,-470.1368126568785,-379.2163729368051,-226.8407122161633,-481.0138226207576,-240.1023757618052,-89.41198896393752,-470.1368126568785,-379.2163729368051,-226.8407122161633,-481.0138226207576,-240.1023757618052,-89.41198896393752,-470.1368126568785,-379.2163729368051,-226.8407122161633,-481.0138226207576,-240.1023757618052,-89.41198896393752,-470.1368126568785,-379.2163729368051,-226.8407122161633,-481.0138226207576,-240.1023757618052,-89.41198896393752,-470.1368126568785,-379.2163729368051,-226.8407122161633,-481.0138226207576,-240.1023757618052,-89.41198896393752,-470.1368126568785,-379.2163729368051,-226.8407122161633,-481.0138226207576,-240.1023757618052,-89.41198896393752,-470.1368126568785,-379.2163729368051,-226.8407122161633,-481.0138226207576,-240.1023757618052,-89.41198896393752,-470.1368126568785,-379.2163729368051,-226.8407122161633,-481.0138226207576,-240.1023757618052,-89.41198896393752,-470.1368126568785,-379.2163729368051,-226.8407122161633,-481.0138226207576,-240.1023757618052,-89.41198896393752,-470.1368126568785,-379.2163729368051,-226.8407122161633,-481.0138226207576,-240.1023757618052,-89.41198896393752,-470.1368126568785,-379.2163729368051,-226.8407122161633,-481.0138226207576,-240.1023757618052,-89.41198896393752,-470.1368126568785,-379.2163729368051,-226.8407122161633,-481.0138226207576,-240.1023757618052,-89.41198896393752,-470.1368126568785,-379.2163729368051,-226.8407122161633,-481.0138226207576,-240.1023757618052,-89.41198896393752,-470.1368126568785,-379.2163729368051,-226.8407122161633,-481.0138226207576,-240.1023757618052,1101.0537766954744,669.5968865878007,0.00010019746340516688
28,-500.0,-500.0,-500.0,-500.0,-500.0,-500.0,-500.0,-500.0,-500.0,-500.0,-500.0,-500.0,-500.0,-500.0,-500.0,-500.0,-500.0,-500.0,-500.0,-500.0,-500.0,-500.0,-500.0,-500.0,-500.0,-500.0,-500.0,-500.0,-500.0,-500.0,-500.0,-500.0,-500.0,-500.0,-500.0,-500.0,-500.0,-500.0,-500.0,-500.0,-500.0,-500.0,-500.0,-500.0,-500.0,-500.0,-500.0,-500.0,-500.0,-500.0,-500.0,-500.0,-500.0,-500.0,-500.0,-500.0,-500.0,-500.0,-500.0,-500.0,-500.0,-500.0,-500.0,-500.0,-500.0,-500.0,-500.0,-500.0,-500.0,-500.0,-500.0,-500.0,-500.0,-500.0,-500.0,-500.0,-500.0,-500.0,-500.0,-500.0,-500.0,-500.0,-500.0,-500.0,-500.0,-500.0,-500.0,-500.0,-500.0,-500.0,-500.0,-500.0,-500.0,-500.0,-500.0,-500.0,-500.0,-500.0,-500.0,-500.0,-500.0,-500.0,-500.0,-500.0,-500.0,-500.0,-500.0,-500.0,-500.0,-500.0,-500.0,-500.0,-500.0,-500.0,-500.0,-500.0,-500.0,-500.0,-500.0,-500.0,-500.0,-500.0,-500.0,-500.0,-500.0,-500.0,-500.0,-500.0,-500.0,-500.0,-500.0,-500.0,-500.0,-500.0,-500.0,-500.0,-500.0,-500.0,-500.0,-500.0,-500.0,-500.0,-500.0,-500.0,-500.0,-500.0,-500.0,-500.0,-500.0,-500.0,500.0,100.0,5e-05
29,-150.06827167,-150.06827167,-150.06827167,-150.06827167,-150.06827167,-150.06827167,-150.09063167,-150.09063167,-150.09063167,-150.09063167,-150.09063167,-150.09063167,-150.081658,-150.081658,-150.081658,-150.081658,-150.081658,-150.081658,-150.09366767,-150.09366767,-150.09366767,-150.09366767,-150.09366767,-150.09366767,-150.06658367,-150.06658367,-150.06658367,-150.06658367,-150.06658367,-150.06658367,-150.08635467,-150.08635467,-150.08635467,-150.08635467,-150.08635467,-150.08635467,-150.08077767,-150.08077767,-150.08077767,-150.08077767,-150.08077767,-150.08077767,-150.07527667,-150.07527667,-150.07527667,-150.07527667,-150.07527667,-150.07527667,-150.059628,-150.059628,-150.059628,-150.059628,-150.059628,-150.059628,-150.068942,-150.068942,-150.068942,-150.068942,-150.068942,-150.068942,-150.065504,-150.065504,-150.065504,-150.065504,-150.065504,-150.065504,-150.08486633,-150.08486633,-150.08486633,-150.08486633,-150.08486633,-150.08486633,-150.08331233,-150.08331233,-150.08331233,-150.08331233,-150.08331233,-150.08331233,-150.063743,-150.063743,-150.063743,-150.063743,-150.063743,-150.063743,-150.07591667,-150.07591667,-150.07591667,-150.07591667,-150.07591667,-150.07591667,-150.08184267,-150.08184267,-150.08184267,-150.08184267,-150.08184267,-150.08184267,-150.078104,-150.078104,-150.078104,-150.078104,-150.078104,-150.078104,-150.079294,-150.079294,-150.079294,-150.079294,-150.079294,-150.079294,-150.084087,-150.084087,-150.084087,-150.084087,-150.084087,-150.084087,-150.05861033,-150.05861033,-150.05861033,-150.05861033,-150.05861033,-150.05861033,-150.08308933,-150.08308933,-150.08308933,-150.08308933,-150.08308933,-150.08308933,-150.08662633,-150.08662633,-150.08662633,-150.08662633,-150.08662633,-150.08662633,-150.07290267,-150.07290267,-150.07290267,-150.07290267,-150.07290267,-150.07290267,-150.05935,-150.05935,-150.05935,-150.05935,-150.05935,-150.05935,-150.06827167,-150.06827167,-150.06827167,-150.06827167,-150.06827167,-150.06827167,500.0,100.0,0.0001
